doc,PC0,PC1,PC2,PC3,PC4
Afghanistan_2004,-0.0001243496677436085,-0.00022744654564854156,-0.00030136642630424317,-0.0002280966679993254,7.663449967932244e-05
Albania_2008,-0.00011350056568797641,-0.000696944995463608,-6.517197412632811e-05,5.22736412470659e-05,-0.0003677111102159494
Algeria_2008,-0.00015550447808130362,-0.0008299075438663849,0.000722314545491399,9.503137148763879e-05,-0.0009864536186718444
Andorra_1993,-0.00012373467490239115,-0.0005863011796918827,-0.00037230224336220525,9.185284864154998e-05,-3.681797719553632e-05
Angola_2010,-9.408212802071402e-05,-0.0005850849648112569,-0.0003741685378124566,8.522155865849237e-05,-0.00012466722098580639
Antigua_and_Barbuda_1981,-0.0005140132598440364,0.003450206217056121,0.0008171534318526402,-0.0008174362492860624,0.0003478622980340418
Argentina_1994,-0.00020107399757708313,-0.0011154247731944946,0.0009625658722421822,-0.00011385784694967362,0.0016905271423637133
Armenia_2005,-7.800322876676885e-05,-0.0006294346506337683,-0.0003856075897601216,6.850536177215452e-05,-0.00011295609572126011
Australia_1985,-0.00035498240435045194,0.0014847237455910965,8.200160693301772e-05,-0.0006926591193664542,0.00023574283865882405
Austria_2009,0.0016938373199608637,-0.0005049807636055943,-0.00037102084527940166,5.384912085218319e-05,-0.00014177245643120321
Azerbaijan_2009,-9.098856920129577e-05,-0.0005775878822913817,-0.00024356674269676714,4.613059191645467e-05,-0.0002193525427325892
Bahamas_2002,-0.00025769955762949316,0.0008384687771767927,1.2930141288465306e-06,-0.00030377728734172813,0.00011225224698066527
Bahrain_2002,-0.00012086038297730165,-0.0009231246316067846,-0.000607132872177683,4.850945668344258e-05,1.0519936122671066e-05
Bangladesh_2011,-0.00023452909703577075,0.00040359795508294026,-0.00019600070627816396,0.00026002320354140553,-0.000795112909993292
Barbados_2007,-0.00041682277987390196,0.0026567479836408867,0.0006122642376384692,-0.000563480814252338,0.00020969990145027913
Belarus_2004,-0.00011104861679697143,-0.0002947146564491733,-0.0003268072891473808,-6.980233696376393e-05,-3.054333586903644e-05
Belgium_2012,-0.00015472802286943508,-6.214523405115359e-06,-0.00028753966718905835,-0.00022878968919210274,6.749664189446233e-05
Belize_2001,-0.0004405853328062775,0.0028545835984880906,0.00072991902163107,-0.0007869070796967588,0.00045963574487917805
Benin_1990,-0.00012438344736529449,-0.0006132618113898484,-0.00038160516624411155,3.843446684702257e-05,-6.966754924375959e-05
Bhutan_2008,-0.00023576280533456884,0.0002074250152331093,-0.0002917633427070288,2.183819245298784e-05,-0.00029766950159071934
Bolivia_2009,-8.916674031223874e-05,-0.0007498296069799749,-0.0003532949658454835,4.58841772476287e-05,-1.679283768811023e-05
Bosnia_Herzegovina_2009,0.0016289627327712795,-0.00030973554999575115,-0.0003058555366718401,-0.00016685115326621507,0.00024961659654908376
Botswana_2002,-0.00042888186189079906,0.002426138214948764,0.0005035625576015703,-0.0003303152703147034,-0.00010149973771948768
Brazil_2014,1.2503480794103556e-05,-0.0007922262829288094,7.096303943983664e-05,-1.3096923745319943e-06,0.0006992029892598919
Brunei_1984,-0.000471888187748306,0.0025094054191270483,0.0005936101369095067,-0.0008944922801623146,-0.00010033394460982862
Bulgaria_2007,-9.500204452674164e-05,-0.0006398083172866435,-0.0004109904792066942,0.00014489736789110097,-0.00011780512482138295
Burkina_Faso_2012,-0.00012473650603857475,-0.0005258595718619062,-0.000334629865495074,4.865607144722675e-05,4.2181847554992526e-05
Burundi_2005,-0.00015577256323333577,-0.0004907972334124724,-0.00028627846953821115,-5.51381851546481e-05,0.00017316856064763416
Cambodia_1999,-0.00019387567155916004,-0.00036213958476187785,-6.671286493995413e-05,-0.0002908419961017489,0.0005858785877284042
Cameroon_2008,-0.00017873330132215276,-0.00037972936948397394,-0.00019631400479149842,-9.032589794420193e-05,0.0002335720957515159
Canada_2011,-0.00031998569948277276,0.0010230147773964884,-1.2591884897839618e-05,-0.0004556336937427598,-5.1977766079040537e-05
Cape_Verde_1992,-8.575669901261073e-05,-0.0006803314355232231,-0.00039588218611210236,0.00011344460275536266,-3.924966834726047e-05
Central_African_Republic_2010,-0.0001258415326796085,-0.0006536382266689884,-0.00042749036199355567,4.340814354540958e-05,-6.856326845172073e-05
Chad_2005,-0.0001243852426148231,-0.0006599004331462407,-0.00041503399602680464,4.45127968027874e-05,-3.300501321586957e-05
Chile_2012,-0.00014948165700518124,-0.0007858063343451998,4.377550272460228e-05,-2.697833328344927e-06,0.0006126747622708131
China_2004,-0.0003050685033091203,-0.0036367306161079007,0.010056446712807275,7.973261661782358e-05,-0.003733505586815537
Colombia_2005,-0.00011487367703631217,-0.0009387214102936967,0.0003652813911754625,-6.998949013701177e-06,0.0009313646528955579
Comoros_2009,-0.0001372981824405122,-0.0007042966868194343,-0.00012076038551296503,-5.438106950850242e-06,0.00030000392474912593
Congo_2001,-0.00015361824337649252,-0.000560499894646703,-0.0002981690999008551,3.692430243780823e-05,9.139264900900158e-05
Costa_Rica_2011,-0.00011146053835339847,-0.0006564876387015571,-0.0003561677824121662,7.088008752153848e-05,-6.7422824881553855e-06
Cote_DIvoire_2009,-0.0001246189208213446,-0.0006145437642384578,-0.0004054331227331145,4.9030084229281485e-05,-5.283278987881915e-05
Croatia_2001,-0.00015714112795246123,-0.0002566228418470919,-0.00026970172011808903,0.0001536761274192818,-0.00044635325159893063
Cuba_2002,-0.00010495010659357642,-0.0006976588197638884,-0.0003629399116812032,3.3817528940607675e-05,-0.00010210236501411562
Cyprus_2013,-0.00014265163139222901,-0.00016878871484632933,-0.00029952105584513393,-0.00012023009195022828,7.050332479430477e-05
Czech_Republic_2002,-0.00010361875057050517,-0.0005634781779965916,-0.0003293760163021383,-3.534870326201252e-05,0.0001387094108151797
Democratic_Republic_of_the_Congo_2011,-0.00015395560035523398,-0.0005947470587139636,-0.000287057537591034,-3.384033862870636e-05,0.00013497482199922455
Denmark_1953,-0.00019580180065916845,-7.66267480935611e-05,-0.00017692051810713852,-7.115719498289875e-05,9.053660672219568e-05
Djibouti_2010,-0.00012252926528117639,-0.0006358657442626142,-0.00041704726832701814,4.1869733818823925e-05,-5.5106937324617646e-05
Dominica_1984,-0.0004710706350296452,0.0031775455092474636,0.0007533513013995886,-0.0006681334517873271,0.0002145326918907359
Dominican_Republic_2010,-0.0001380731705100174,-0.0007985154115470763,-5.623588072739734e-05,3.5649776050782897e-06,0.0004286485193773325
East_Timor_2002,-0.00016379882337095645,-0.0004039668523565612,-0.00038497140207013067,0.00013832778417737946,-0.0002845127262501232
Ecuador_2008,-0.0001014094365664012,-0.0007632859541599638,-0.0003231382323304375,5.861847186523477e-05,-5.401622711519024e-05
Egypt_2014,-0.00014418230440533855,6.272576829645306e-05,-0.00020812631492696284,-0.0003433892856372907,0.0002046925563085294
El_Salvador_2003,-0.00011206111521050216,-0.000683383678270083,-0.00034270233105927414,3.254070284189719e-05,1.0106811663968898e-05
Equatorial_Guinea_1995,-0.00014231577344280414,-0.0005051502921644418,-0.00038769374473700713,8.614165577098931e-05,-0.00016768599959856513
Eritrea_1997,-0.0001349236150295978,-0.000584788283164259,-0.00023715604243217337,0.000333499194572061,-0.00019460895285468202
Estonia_2003,-0.00011173953637970645,-0.0005209116825648893,-0.00033013946874722644,4.0411939411811974e-05,-0.00012218268188681804
Ethiopia_1994,0.001869336863640405,0.0003521383531811216,9.958794120921157e-06,-0.00039075343607649374,0.00030540479752045355
Fiji_2013,-0.00039724136296095437,0.0030960476845230075,0.0008716421672116874,0.011350096582310263,0.0008827592243984136
Finland_2011,-0.000192841518601923,-0.00014755302864113954,-0.00039471861108417524,0.00020084600091293574,-0.0004242772171408497
France_2008,-0.00017080230599032166,-0.00016648287390695727,-0.00026492469680149854,-0.00013159097731609638,9.364219136032163e-05
Gabon_1997,-0.00015561422492593632,-0.0005303196696653832,-0.00039239339997788794,6.851575881736196e-05,-4.8001210692150565e-05
Gambia_2004,-0.00026036695599695846,0.0008071035697481678,7.654163314744921e-05,-0.00011368250785055382,-7.725005858293247e-05
Georgia_2004,-0.00018638486410191838,-0.00013988810081548282,-0.0004020929604947108,0.00022069687894550326,-0.00044911205268102555
German_Federal_Republic_2012,0.0033067975073641153,-0.0003175407524391536,-0.00025359998187994944,5.2885070507466645e-05,-0.00011978887456523249
Ghana_1996,-0.00022059309082065795,0.0004669920857093565,-0.0002444223670611096,0.00013272984846118743,-0.000571082673347771
Greece_2008,-0.0001955091652664554,-0.0001538701051650043,-0.00033455057052877204,0.0001495816977229725,-0.0003688180465867203
Grenada_1992,-0.0005250823362021662,0.003594671705765104,0.0008641217308075081,-0.0008569128751407327,0.0003620754995724391
Guatemala_1993,-0.00010855683482766957,-0.001017149674040106,0.0006497772888056533,6.650131191551312e-06,0.001155984130247363
Guinea_2010,-0.0001214133476923158,-0.0006429727838921805,-0.0004160021766515085,5.1158781801460674e-05,-5.1739500045436285e-05
Guinea_Bissau_1991,-0.0001346162548556895,-0.0007586777602161613,-0.0003875053240285522,4.746969916776899e-05,-9.722568674319106e-05
Guyana_1995,-0.0002466978266103053,9.753605848080475e-05,0.00040372115901128255,-1.2683032181248579e-05,0.0003668787778675503
Haiti_2012,-0.00013142641653930215,-0.0005916134251831962,-0.0003928302758587653,-1.4389028738549708e-05,6.412990093192917e-05
Honduras_2012,-0.00016824896312546216,-0.0010953962968402288,0.0008215993732980546,3.527804844461005e-05,0.0014406454239493857
Hungary_2011,-0.0001779756637561578,-7.759627384088033e-05,-0.0004018418480774187,0.00018812782313261278,-0.0005311147188885746
Iceland_1999,-0.00012274127471026205,-0.000584642337649422,-0.00041875560621974594,3.63570400112026e-05,-0.00010260588871124842
India_2012,-0.00014575099694992796,0.0002790427337240517,-0.00023555556916611084,-6.168659505984285e-05,-0.0003323498573222917
Indonesia_2002,-0.00013253948476353846,-0.0006319035766878732,-3.1397720432178064e-05,8.250507547520946e-06,-0.00029047486630605926
Iran_1989,-0.00013126931026356378,-0.0005713701686922228,-0.00031021145116349487,3.44238034939821e-05,-0.00014420137942193942
Iraq_2005,0.00014032807315041232,-0.0005419645321107862,-0.0003445017810594648,2.9774065682439136e-05,-9.49162929313133e-05
Ireland_2012,-0.0001587960762216192,0.0001072652325966915,-0.00017745720137144936,-0.0001724325592402269,1.844827239147258e-05
Israel_2013,-0.00019883494883700048,0.00047373553169963227,-2.6110312454255905e-05,-0.00013296037655335756,9.082612900766574e-06
Italy_2012,-0.00014125280794280396,-0.00032920829407942243,-0.0002925420262358672,-4.676929666818357e-05,-0.00011447816018871162
Jamaica_1994,-0.0004604774820356785,0.0034494783573878066,0.0008631661416798345,-0.0008025145149413044,0.0003598106180921219
Japan_1946,-0.0001251551331321131,0.0003351458433537995,-0.0001448528887048341,-0.0005815665900106457,0.00041524442430545134
Jordan_2011,-0.00016809209753859962,0.00022838170624263484,-0.00022141369842236525,-0.00041275881114218147,0.0002635310544143147
Kazakhstan_1998,-0.00014904747262400964,-0.0004308001478140098,-0.0004264140757967161,0.00012508080999285327,-0.00016509357033219697
Kenya_2010,-0.00019447642142829275,0.00035710568590849946,-0.0002473632373742203,7.876169946407959e-05,-0.00042882658747949186
Kiribati_1995,-0.00036898074163434045,0.0018649835600841192,0.0004093969837952523,-0.0002693434278572887,-9.757073103978758e-07
Kosovo_2008,-9.708017776024038e-05,-0.0006487844007957105,-0.00037243771260195855,7.988013689836084e-05,-0.0001061956468943511
Kuwait_1992,-0.00012266251742043787,-0.0006168499357644756,-0.00031700668155905837,2.774728476260464e-05,-0.00012794653613828005
Kyrgyz_Republic_2010,-0.00010246983082183547,-0.0006468586450896313,-0.00036080895022225446,9.188362974429015e-05,-9.166663481756837e-05
Laos_2003,-4.287177907714066e-05,-0.000662453352712825,-0.00029848607052308893,3.847962039358702e-05,-0.0002513319425314314
Latvia_2007,-0.00011630048306773068,-0.0005394813296869133,-0.00039208163321177204,6.708652602995427e-05,-0.0001353436959412328
Lebanon_2004,-0.00011524436382556109,-0.0009069675837080181,-0.0005890509235328407,5.868850767755693e-05,6.91348106049234e-05
Lesotho_1998,-0.0004553746396732125,0.002556253141778007,0.0005440854599505712,-0.0003017901809655975,-4.181115014967514e-05
Liberia_1986,-0.0001693048445110437,-0.00026082973061191663,0.0001316106776352878,-0.00015291827130800616,-2.7553082775930765e-05
Libya_2011,-0.00019198116588444843,-0.0012376774289805596,0.0013677627191095913,-1.4820663450859047e-05,0.002082700950417
Liechtenstein_2003,-8.451063681028284e-05,-0.0005551907571745627,-0.0004024585397840493,6.806156445429773e-06,-7.727041148195213e-05
Lithuania_2006,-9.448397874298707e-05,-0.0005474234928451484,-0.0003721871176272972,3.718013835376137e-05,-9.653414476081357e-05
Luxembourg_2009,-0.00013130990998392055,-0.0008308138205064527,-0.0005855707591782473,5.4833376252022575e-05,7.945385101759107e-06
Macedonia_2011,-8.598977165655368e-05,-0.0006159913909086186,-0.00035140521267208285,4.3030311136023256e-05,-0.00018198310896384054
Madagascar_2010,-0.00014628757745325456,-0.000587812609287712,-0.0003611786926636271,1.7127034512280014e-05,2.7287827065408972e-05
Malawi_1999,-0.0003646924226150699,0.0014093408796217847,0.0001611218028205115,-9.766456403922946e-05,-0.0001766296395696675
Malaysia_1996,0.00342917644147999,0.0009631682427854302,9.637123918243482e-06,-9.602623892960136e-05,-0.0002767731755518631
Maldives_2008,-0.00021191547350283248,-0.001345162359511509,0.0035331473140371,9.910793084504106e-05,-0.0030783787627998356
Mali_1992,-0.0001286612675025848,-0.0006050008154616811,-0.0004111069341561942,3.6105336338384085e-05,-5.861722343855226e-05
Malta_2011,-0.0002286568944108809,0.0007581519903367372,-5.16302054355114e-05,-0.00032238050825499184,-4.973107607851397e-06
Marshall_Islands_1995,-0.00022154095781645153,0.00033245099583485856,-4.793422336213885e-05,-0.00010553766755554898,-4.3674026753126463e-05
Mauritania_2012,-0.00015254982953613816,-0.0005205648576175166,-0.0003697407373287634,3.687115776712767e-05,-1.3204793560708537e-05
Mauritius_2011,-0.0003918450851429456,0.0019579811626415275,0.00039546980252912314,-0.00020738463667196557,-8.693938474915661e-05
Mexico_2007,0.0007716198811778874,-0.0006922688901368154,0.00020776540671945133,-1.844578846213976e-05,0.00071591051640486
Micronesia_1990,-0.0003146792475117038,-0.0019427451684709417,0.00387111895093456,-0.00017772730396294742,0.005250336019971387
Moldova_2006,-0.00016364554232302643,-0.00037444332285887794,-0.00033372191930860096,0.00014710527202840877,-0.0003781252619320878
Monaco_2002,-0.0001474516249497525,-0.0003794122551681917,-0.00037670964441353434,-3.351397158793105e-05,-4.1130779316953134e-05
Mongolia_2001,-0.00022349314925248164,-0.00017144683181479384,-0.00036412465360869355,0.0002027387674413333,-0.000710185386681869
Montenegro_2007,-0.00015618239090460251,-0.00027758191729499777,-0.00036523992128228636,0.00020987969958003664,-0.0004532298313384655
Morocco_2011,-0.0001491090741033093,-0.0006558126840432358,-0.0004945690409103568,7.850340045960995e-05,-7.569407309628284e-05
Mozambique_2007,-0.00011319690490949935,-0.000612879765056934,-0.00038488143571082284,4.054426547965975e-05,-0.00011015478371936138
Myanmar_2008,-0.00017046698773971896,-0.00030030556841701355,-0.0003180046751420769,9.507134128112929e-05,-0.0002115027258583494
Namibia_2010,-0.0001859274524980885,-5.5234547523147026e-05,-0.00030490234450623307,0.00015637609015820117,-0.0003431085683144932
Nauru_1968,-0.00032360809692627855,0.0010471153939269563,-0.00024453040255818234,0.00021048179371526763,-0.0010376757287077303
Nepal_2010,-4.4758199002470665e-05,-0.0003901823791084219,-0.00030349616842804316,0.00012962792825564417,-0.00034958665644425197
Netherlands_2008,-0.00032382971058352136,0.0007291878067829684,-0.0004362267443626812,-1.7471158356286752e-05,-0.0007242044578634496
Nicaragua_2005,-0.00010937006822429013,-0.000671416791680532,-0.00031732709508709245,3.0952398363952344e-05,-1.2493378984104058e-06
Niger_2010,-0.0001226402260132956,-0.0006313053341547895,-0.0004000407698419073,4.0807981963077316e-05,-5.426418477064862e-05
Nigeria_1999,0.0028355741539294464,0.0016440250592717615,0.0003553220645760136,-0.00048234628773660557,0.00030043659572752423
Norway_2004,-0.00013075609923190627,-0.0004900144648946877,-0.0003875099627315896,3.772073085328149e-06,-9.054563343415408e-05
Oman_2011,-0.0001544909056257562,-0.0003018408078689305,-0.0002960335941790049,-0.00015137948129529346,-0.0001207817124498247
Pakistan_2012,0.0006970385783818755,0.00032400242938137284,-0.0003045360176330454,-4.359958592753002e-05,-0.0004483464118123727
Palau_1992,-0.00015809664707444284,-5.94390919163778e-06,-7.779469050649541e-05,-0.0003114846288173583,0.0004503463478974357
Panama_2004,-0.00010848131656909628,-0.0006416173165985625,-0.00033949344679684687,4.448542310768668e-05,1.7839490470022655e-05
Papua_New_Guinea_1991,-0.000454663742667563,0.002273992569379119,0.000363002454853638,-7.281698399766173e-05,-0.0003679018492377971
Paraguay_2011,-0.00012418032892886976,-0.0009030608191383531,0.00010130456659342263,1.361582224475791e-05,0.0006608207684849705
Peoples_Republic_of_Korea_1998,-0.0001349353526098331,-0.0006687455865738972,-0.0002625814881061766,3.208083506202049e-05,-0.0002524041225114511
Peru_2009,-0.00018394075187688498,-0.0012582881771804376,0.001191736758946969,-1.1810473663419958e-05,0.0018424025868086918
Philippines_1987,-0.00020926423595870746,-0.0008427127749340793,0.0014262711533187754,-0.0002359459058283692,0.0020475182986606525
Poland_1997,-0.0001474445085242425,-0.0005499057547073997,-0.00025288736429780333,-2.2288204542503917e-05,0.00014290501478198076
Portugal_2005,-9.41307875780711e-05,-0.000704990062668074,-0.0002468634873073206,7.629067964921549e-05,-0.0002400547615431374
Qatar_2003,-0.00012282520283616195,-0.0006357493827652059,-0.0002114340338684632,3.8665060398594976e-05,-0.00024380354082117775
Republic_of_Korea_1987,-0.00011390286041808463,-0.0005937208718874275,-0.0003521352771403777,2.9467495559406723e-05,-5.494221340703951e-05
Romania_2003,-0.00015443484576763464,-0.0006374995679132326,-0.00022597388604368826,4.0036554315413334e-05,-0.0002220030113493726
Russia_2008,0.017788019774526004,0.000865953255737283,0.0005015899240898121,0.00010404319161170427,1.4799517473343672e-05
Rwanda_2010,-0.00019064658732637378,-0.0004415613730532244,-0.00044645991119285616,0.0001156707972640994,-8.651082249571514e-05
Samoa_2010,-0.00020154283423236467,0.00021039174946605474,-0.0002680336807096643,9.35102520637319e-05,-0.0004883653172146492
Sao_Tome_and_Principe_1990,-0.00010746732061399315,-0.0006690867931672982,-0.00037313056033914184,4.455727870119682e-05,-7.468180586404926e-05
Saudi_Arabia_2005,-0.00020406277758814624,-0.00042333798596402785,-0.0005064528200894609,-1.657528110988338e-05,-0.0003096064278781026
Senegal_2009,-0.00015020201287434406,-0.0005285747836024462,-0.0003765491359025946,9.426795210578349e-07,3.91150506758801e-05
Serbia_2006,-2.6107162248131755e-05,-0.0007582798314862856,-0.00025191118557424646,2.4588299783419218e-05,-0.0002867561605041752
Seychelles_2011,-0.00015195616537268922,4.0950319837812647e-05,-0.0002576085137794939,6.525142557042766e-05,-0.0003872191012588114
Sierra_Leone_2008,-0.0004549059025868584,0.002270385320599546,0.0003734468250535862,-4.0158560466850316e-05,-0.0004398303693605717
Singapore_2010,-0.00016254401106480766,0.00048626344487426776,-0.00025557062538260344,0.00012146310719070587,-0.0006561720363801451
Slovakia_2001,-1.750301093904281e-05,-0.0006483708031945959,-0.00038822301130188997,3.991793767880434e-05,-0.00012698680160705213
Slovenia_2006,-8.870049564421293e-05,-0.0006732142912383156,-0.00028347212150949967,5.246675299691694e-05,-0.0002730463787113216
Socialist_Republic_of_Vietnam_2001,-8.10295347084866e-05,-0.0007044370046451934,-0.0002636810446093907,3.516623569842097e-05,-0.00016207052030457866
Solomon_Islands_2009,-0.0004885967716317045,0.0025794357466529813,0.0005652062428447507,-0.00022361702791625577,-0.00013265739076648433
Somalia_2012,-2.65791399558868e-05,0.0004899081125781423,-0.00024116804663965898,-0.00017554823436386613,-0.00022120158691130032
South_Africa_2012,-0.00033393819017160507,0.0012935230051031063,7.743050256233479e-05,-0.00016440583647601138,-0.000353819323374378
South_Sudan_2011,-0.00014881298075194383,-0.00034778997760691327,-0.0003372616966069875,7.613419244161452e-05,-4.332349295082923e-05
Spain_2011,-0.0002021335440831937,-0.0002724944434029641,0.0008025190137854924,-0.00019002885418860967,0.0012125226409356565
Sri_Lanka_2010,-0.00024029671593386471,0.00022700865071670297,-0.0002994436490524121,0.00015738264672756255,-0.0005006546291874053
St_Kitts_and_Nevis_1983,-0.0003936775339593983,0.002471407893189755,0.0005794254298970043,-0.00032396361167948243,-2.2301947532632853e-05
St_Lucia_1978,-0.0005072698026938149,0.003401669048965433,0.0008354284615392235,-0.0007595951933858063,0.0003585125788500563
St_Vincent_and_the_Grenadines_1979,-0.00050848768325777,0.003452993523311428,0.0008404189888724252,-0.000677654100416174,0.0001833330940076407
Sudan_2005,-0.00013168906258900718,-0.0007099919652266181,-5.619896062284302e-05,7.197492358780269e-05,-6.472146551608238e-05
Surinam_1992,-0.00015387691277424933,-0.00033187259792436517,-9.927231687526994e-05,-1.6116375499417302e-05,-0.00018433317746320877
Swaziland_2005,-0.0003614873780811071,0.0017398188710353259,0.0002698448304012781,-0.000291068552154108,6.189794968933202e-05
Sweden_2012,-0.00014744524124875958,-0.0003826414005685898,-0.00040181567770822637,8.13129210238247e-05,-0.0001400983391944634
Switzerland_2002,-0.00011795109819925152,-0.0005760058369957163,-0.00038841139716762026,3.8682637111381975e-05,-5.83858162840088e-05
Syria_2012,-0.00012315026557450768,-0.0005681298392316707,-0.0003697255811654967,3.9470359897968456e-05,-0.000116900306262434
Taiwan_2005,-0.00010440468666854751,-0.0006278901985122963,-0.0003538134159580809,4.074555396722627e-06,-0.0001529235513658429
Tajikistan_2003,-6.529104751343677e-05,-0.0008167757309743832,0.00010903753238492097,5.4248293194333286e-05,-0.0005310436476760331
Tanzania_1995,-0.00021741005792882723,0.0001668240550693511,-0.0002113345605773525,8.594528999189079e-05,-0.0003120415245146117
Thailand_2007,-0.0002196898097145576,0.0006088880373404472,-1.6311395837013944e-05,-0.0005220775545946548,0.0004952938060194575
Togo_2007,-0.00014035163840523144,-0.0005762860994974023,-0.00039455375170673214,-6.234604715137952e-06,4.2795843609119436e-05
Tonga_1988,-0.0001713008772695759,-0.00019795556078966773,-0.00033648371964250536,-0.00010804428930998154,-0.00017151752422002328
Trinidad_and_Tobago_2007,-0.000460197597560113,0.0029925102179888577,0.0007110612744197558,-0.0008281253118903804,0.0005048997584730394
Tunisia_2014,-0.00011496793825626043,-0.0005488238554322118,-0.00038113108632854435,4.137091957526723e-05,-9.429910887864796e-05
Turkey_2002,-0.00011334117668154671,-0.0006465766454795693,-0.00044656595519581183,5.0944561734233366e-05,-0.0001256935659644468
Turkmenistan_2008,-8.96926139974537e-05,-0.0005900411739855091,-0.00029115847079006657,6.559224593103912e-05,-0.00028837141546187876
Tuvalu_1986,-0.0006234543319267442,0.0038036583869141744,0.0008278988734824892,-0.00020210756512344187,-0.0004274353813116972
Uganda_2005,-0.00024242241166230673,0.00034257622465763633,-0.000322911369419966,0.0002784109077269247,-0.0007575662309234211
Ukraine_2004,-6.815245106976544e-05,-0.000680089014701117,-0.0002976485985376525,8.372346518069259e-05,-0.00014130258812251865
United_Arab_Emirates_2004,3.866716818521181e-05,-0.0006295591162138849,-0.0004485666124804553,3.149504713074087e-05,-6.0729351832263336e-05
United_States_of_America_1992,-0.0002619855778001533,-0.0008787685874123855,0.0021570670101723095,-0.00043140642447215215,0.0033333527103782614
Uruguay_2004,-0.0001082652483020096,-0.0006665684255545803,-0.00033864528824985307,1.3672640551767256e-05,0.00017055583136723815
Uzbekistan_1992,-8.90119011048014e-05,-0.0005971230750374603,-0.00031837277490337886,3.5511042777972814e-05,-0.00015555639459650665
Vanuatu_1983,-0.0002732578308306184,0.0003501451846782101,-0.0003247378640302517,0.00025341246282435827,-0.0006676393182297531
Venezuela_2009,-0.0001154888734028209,-0.0006153866944762734,-0.0003245826076531871,2.7980702186642006e-05,-1.1984802354481508e-05
Yemen_2001,-0.00011600354919499155,0.00021099604162014616,-0.00014575405823760487,-0.0005293470684786862,0.0003314513110729526
Zambia_2009,-0.00021166285730961197,0.0004232144356051908,-0.00022158641168177853,4.946140869678286e-05,-0.0004984117340505936
Zimbabwe_2013,-0.00035970263209820754,0.0013104692214074567,9.233516079930637e-05,-7.148144368045117e-05,-0.0002460696057451704
