doc,country,year,source_filename,source_url,title_line,char_len,line_count,n_preamble,n_title,n_part,n_chapter,n_section,n_article,n_numbered,n_share_line,unit_scheme,div1_scheme,div2_scheme
Afghanistan_2004,Afghanistan,2004,Afghanistan_2004.txt,https://raw.githubusercontent.com/marcomorucci/Clustering-Constitutions/master/constitutions/Afghanistan_2004.txt,Afghanistan 2004,66806,453,1,0,0,12,0,162,0,175,article,chapter,body
Albania_2008,Albania,2008,Albania_2008.txt,https://raw.githubusercontent.com/marcomorucci/Clustering-Constitutions/master/constitutions/Albania_2008.txt,Albania 1998 (rev. 2008),86022,792,1,0,18,12,0,181,0,209,article,part+chapter,chapter
Algeria_2008,Algeria,2008,Algeria_2008.txt,https://raw.githubusercontent.com/marcomorucci/Clustering-Constitutions/master/constitutions/Algeria_2008.txt,Algeria 1963 (rev. 2008),66590,658,1,4,0,10,0,182,0,197,article,title+chapter,chapter
Andorra_1993,Andorra,1993,Andorra_1993.txt,https://raw.githubusercontent.com/marcomorucci/Clustering-Constitutions/master/constitutions/Andorra_1993.txt,Andorra 1993,55687,412,1,9,0,11,0,107,0,134,article,title+chapter,chapter
Angola_2010,Angola,2010,Angola_2010.txt,https://raw.githubusercontent.com/marcomorucci/Clustering-Constitutions/master/constitutions/Angola_2010.txt,Angola 2010,175148,1393,1,8,0,19,20,244,0,248,article,title+chapter,chapter+section
Antigua_and_Barbuda_1981,Antigua and Barbuda,1981,Antigua_and_Barbuda_1981.txt,https://raw.githubusercontent.com/marcomorucci/Clustering-Constitutions/master/constitutions/Antigua_and_Barbuda_1981.txt,Antigua and Barbuda 1981,214275,1118,1,0,14,10,0,0,577,135,numbered_provision,part+chapter,chapter
Argentina_1994,Argentina,1994,Argentina_1994.txt,https://raw.githubusercontent.com/marcomorucci/Clustering-Constitutions/master/constitutions/Argentina_1994.txt,"Argentina 1853 (reinst. 1983, rev. 1994)",82255,453,1,2,2,15,4,130,0,150,article,title+part+chapter,chapter+section
Armenia_2005,Armenia,2005,Armenia_2005.txt,https://raw.githubusercontent.com/marcomorucci/Clustering-Constitutions/master/constitutions/Armenia_2005.txt,Armenia 1995 (rev. 2005),86487,638,1,0,0,9,0,144,0,153,article,chapter,body
Australia_1985,Australia,1985,Australia_1985.txt,https://raw.githubusercontent.com/marcomorucci/Clustering-Constitutions/master/constitutions/Australia_1985.txt,Australia 1901 (rev. 1985),81224,519,1,0,5,8,0,0,158,147,numbered_provision,part+chapter,chapter
Austria_2009,Austria,2009,Austria_2009.txt,https://raw.githubusercontent.com/marcomorucci/Clustering-Constitutions/master/constitutions/Austria_2009.txt,"Austria 1920 (reinst. 1945, rev. 2009)",275162,1207,0,0,0,9,19,152,0,247,article,chapter,section
Azerbaijan_2009,Azerbaijan,2009,Azerbaijan_2009.txt,https://raw.githubusercontent.com/marcomorucci/Clustering-Constitutions/master/constitutions/Azerbaijan_2009.txt,Azerbaijan 1995 (rev. 2009),110090,772,1,0,0,12,0,159,0,160,article,chapter,body
Bahamas_2002,Bahamas,2002,Bahamas_2002.txt,https://raw.githubusercontent.com/marcomorucci/Clustering-Constitutions/master/constitutions/Bahamas_2002.txt,Bahamas 1973 (rev. 2002),227497,1139,1,0,16,11,0,0,598,146,numbered_provision,part+chapter,chapter
Bahrain_2002,Bahrain,2002,Bahrain_2002.txt,https://raw.githubusercontent.com/marcomorucci/Clustering-Constitutions/master/constitutions/Bahrain_2002.txt,Bahrain 2002,66490,410,1,0,5,6,4,125,0,141,article,part+chapter,chapter+section
Bangladesh_2011,Bangladesh,2011,Bangladesh_2011.txt,https://raw.githubusercontent.com/marcomorucci/Clustering-Constitutions/master/constitutions/Bangladesh_2011.txt,"Bangladesh 1972 (reinst. 1986, rev. 2011)",158974,1066,1,0,13,14,0,0,492,213,numbered_provision,part+chapter,chapter
Barbados_2007,Barbados,2007,Barbados_2007.txt,https://raw.githubusercontent.com/marcomorucci/Clustering-Constitutions/master/constitutions/Barbados_2007.txt,Barbados 1966 (rev. 2007),199629,991,1,0,9,10,0,0,454,20,numbered_provision,part+chapter,chapter
Belarus_2004,Belarus,2004,Belarus_2004.txt,https://raw.githubusercontent.com/marcomorucci/Clustering-Constitutions/master/constitutions/Belarus_2004.txt,Belarus 1994 (rev. 2004),85386,560,1,0,0,8,9,146,0,161,article,chapter,section
Belgium_2012,Belgium,2012,Belgium_2012.txt,https://raw.githubusercontent.com/marcomorucci/Clustering-Constitutions/master/constitutions/Belgium_2012.txt,Belgium 1831 (rev. 2012),103438,827,0,9,0,8,10,199,0,244,article,title+chapter,chapter+section
Belize_2001,Belize,2001,Belize_2001.txt,https://raw.githubusercontent.com/marcomorucci/Clustering-Constitutions/master/constitutions/Belize_2001.txt,Belize 1981 (rev. 2001),235373,1227,1,0,12,0,0,0,650,153,numbered_provision,part,body
Benin_1990,Benin,1990,Benin_1990.txt,https://raw.githubusercontent.com/marcomorucci/Clustering-Constitutions/master/constitutions/Benin_1990.txt,Benin 1990,70742,578,1,12,0,0,0,160,0,176,article,title,body
Bhutan_2008,Bhutan,2008,Bhutan_2008.txt,https://raw.githubusercontent.com/marcomorucci/Clustering-Constitutions/master/constitutions/Bhutan_2008.txt,Bhutan 2008,84780,600,1,0,0,0,0,35,0,41,article,document,body
Bolivia_2009,Bolivia,2009,Bolivia_2009.txt,https://raw.githubusercontent.com/marcomorucci/Clustering-Constitutions/master/constitutions/Bolivia_2009.txt,Bolivia 2009,269497,1957,1,17,5,57,36,411,0,516,article,title+part+chapter,chapter+section
Bosnia_Herzegovina_2009,Bosnia Herzegovina,2009,Bosnia_Herzegovina_2009.txt,https://raw.githubusercontent.com/marcomorucci/Clustering-Constitutions/master/constitutions/Bosnia_Herzegovina_2009.txt,Bosnia-Herzegovina 1995 (rev. 2009),35128,220,1,0,0,0,0,12,0,49,article,document,body
Botswana_2002,Botswana,2002,Botswana_2002.txt,https://raw.githubusercontent.com/marcomorucci/Clustering-Constitutions/master/constitutions/Botswana_2002.txt,Botswana 1966 (rev. 2002),180775,1003,0,0,14,9,0,0,528,120,numbered_provision,part+chapter,chapter
Brazil_2014,Brazil,2014,Brazil_2014.txt,https://raw.githubusercontent.com/marcomorucci/Clustering-Constitutions/master/constitutions/Brazil_2014.txt,Brazil 1988 (rev. 2014),437141,3170,1,9,0,33,49,355,0,501,article,title+chapter,chapter+section
Brunei_1984,Brunei,1984,Brunei_1984.txt,https://raw.githubusercontent.com/marcomorucci/Clustering-Constitutions/master/constitutions/Brunei_1984.txt,Brunei 1959 (rev. 1984),82463,495,1,0,12,0,0,0,247,81,numbered_provision,part,body
Bulgaria_2007,Bulgaria,2007,Bulgaria_2007.txt,https://raw.githubusercontent.com/marcomorucci/Clustering-Constitutions/master/constitutions/Bulgaria_2007.txt,Bulgaria 1991 (rev. 2007),80415,747,1,0,0,10,0,187,0,203,article,chapter,body
Burkina_Faso_2012,Burkina Faso,2012,Burkina_Faso_2012.txt,https://raw.githubusercontent.com/marcomorucci/Clustering-Constitutions/master/constitutions/Burkina_Faso_2012.txt,Burkina Faso 1991 (rev. 2012),63686,625,1,17,0,4,0,178,0,201,article,title+chapter,chapter
Burundi_2005,Burundi,2005,Burundi_2005.txt,https://raw.githubusercontent.com/marcomorucci/Clustering-Constitutions/master/constitutions/Burundi_2005.txt,Burundi 2005,114629,997,1,17,0,0,0,307,0,344,article,title,body
Cambodia_1999,Cambodia,1999,Cambodia_1999.txt,https://raw.githubusercontent.com/marcomorucci/Clustering-Constitutions/master/constitutions/Cambodia_1999.txt,Cambodia 1993 (rev. 1999),54015,528,1,0,0,16,0,158,0,175,article,chapter,body
Cameroon_2008,Cameroon,2008,Cameroon_2008.txt,https://raw.githubusercontent.com/marcomorucci/Clustering-Constitutions/master/constitutions/Cameroon_2008.txt,Cameroon 1972 (rev. 2008),54176,457,1,0,13,4,0,69,0,86,article,part+chapter,chapter
Canada_2011,Canada,2011,Canada_2011.txt,https://raw.githubusercontent.com/marcomorucci/Clustering-Constitutions/master/constitutions/Canada_2011.txt,Canada 1867 (rev. 2011),127965,1129,0,0,27,0,13,0,265,362,numbered_provision,part,section
Cape_Verde_1992,Cape Verde,1992,Cape_Verde_1992.txt,https://raw.githubusercontent.com/marcomorucci/Clustering-Constitutions/master/constitutions/Cape_Verde_1992.txt,Cape Verde 1980 (rev. 1992),191071,1607,1,24,7,31,12,322,0,323,article,title+part+chapter,chapter+section
Central_African_Republic_2010,Central African Republic,2010,Central_African_Republic_2010.txt,https://raw.githubusercontent.com/marcomorucci/Clustering-Constitutions/master/constitutions/Central_African_Republic_2010.txt,Central African Republic 2004 (rev. 2010),67780,551,1,14,0,10,0,112,0,137,article,title+chapter,chapter
Chad_2005,Chad,2005,Chad_2005.txt,https://raw.githubusercontent.com/marcomorucci/Clustering-Constitutions/master/constitutions/Chad_2005.txt,Chad 1996 (rev. 2005),72620,811,1,16,0,10,0,225,0,252,article,title+chapter,chapter
Chile_2012,Chile,2012,Chile_2012.txt,https://raw.githubusercontent.com/marcomorucci/Clustering-Constitutions/master/constitutions/Chile_2012.txt,Chile 1980 (rev. 2012),179529,871,0,0,0,15,0,129,0,192,article,chapter,body
China_2004,China,2004,China_2004.txt,https://raw.githubusercontent.com/marcomorucci/Clustering-Constitutions/master/constitutions/China_2004.txt,China 1982 (rev. 2004),73882,479,1,0,0,4,7,138,0,149,article,chapter,section
Colombia_2005,Colombia,2005,Colombia_2005.txt,https://raw.githubusercontent.com/marcomorucci/Clustering-Constitutions/master/constitutions/Colombia_2005.txt,Colombia 1991 (rev. 2005),301158,1873,1,13,0,57,0,381,0,549,article,title+chapter,chapter
Comoros_2009,Comoros,2009,Comoros_2009.txt,https://raw.githubusercontent.com/marcomorucci/Clustering-Constitutions/master/constitutions/Comoros_2009.txt,Comoros 2001 (rev. 2009),38632,281,1,10,0,3,0,54,0,67,article,title+chapter,chapter
Congo_2001,Congo,2001,Congo_2001.txt,https://raw.githubusercontent.com/marcomorucci/Clustering-Constitutions/master/constitutions/Congo_2001.txt,Congo 2001,69926,680,1,19,0,0,0,191,0,211,article,title,body
Costa_Rica_2011,Costa Rica,2011,Costa_Rica_2011.txt,https://raw.githubusercontent.com/marcomorucci/Clustering-Constitutions/master/constitutions/Costa_Rica_2011.txt,Costa Rica 1949 (rev. 2011),108640,743,1,18,0,14,0,197,0,251,article,title+chapter,chapter
Cote_DIvoire_2009,Cote DIvoire,2009,Cote_DIvoire_2009.txt,https://raw.githubusercontent.com/marcomorucci/Clustering-Constitutions/master/constitutions/Cote_DIvoire_2009.txt,Cote D'Ivoire 2000,49874,375,1,15,0,2,0,132,0,149,article,title+chapter,chapter
Croatia_2001,Croatia,2001,Croatia_2001.txt,https://raw.githubusercontent.com/marcomorucci/Clustering-Constitutions/master/constitutions/Croatia_2001.txt,Croatia 1991 (rev. 2001),77749,622,0,0,0,0,0,147,0,163,article,document,body
Cuba_2002,Cuba,2002,Cuba_2002.txt,https://raw.githubusercontent.com/marcomorucci/Clustering-Constitutions/master/constitutions/Cuba_2002.txt,Cuba 1976 (rev. 2002),82260,634,1,0,0,15,0,137,0,154,article,chapter,body
Cyprus_2013,Cyprus,2013,Cyprus_2013.txt,https://raw.githubusercontent.com/marcomorucci/Clustering-Constitutions/master/constitutions/Cyprus_2013.txt,Cyprus 1960 (rev. 2013),215971,1207,0,0,13,5,0,201,0,220,article,part+chapter,chapter
Czech_Republic_2002,Czech Republic,2002,Czech_Republic_2002.txt,https://raw.githubusercontent.com/marcomorucci/Clustering-Constitutions/master/constitutions/Czech_Republic_2002.txt,Czech Republic 1993 (rev. 2002),90005,729,1,0,6,14,0,183,0,224,article,part+chapter,chapter
Democratic_Republic_of_the_Congo_2011,Democratic Republic of the Congo,2011,Democratic_Republic_of_the_Congo_2011.txt,https://raw.githubusercontent.com/marcomorucci/Clustering-Constitutions/master/constitutions/Democratic_Republic_of_the_Congo_2011.txt,Democratic Republic of the Congo 2005 (rev. 2011),129792,1181,1,8,0,10,12,229,0,270,article,title+chapter,chapter+section
Denmark_1953,Denmark,1953,Denmark_1953.txt,https://raw.githubusercontent.com/marcomorucci/Clustering-Constitutions/master/constitutions/Denmark_1953.txt,Denmark 1953,36816,170,0,0,11,0,0,0,153,12,numbered_provision,part,body
Djibouti_2010,Djibouti,2010,Djibouti_2010.txt,https://raw.githubusercontent.com/marcomorucci/Clustering-Constitutions/master/constitutions/Djibouti_2010.txt,Djibouti 1992 (rev. 2010),40215,372,1,13,0,0,0,96,0,110,article,title,body
Dominica_1984,Dominica,1984,Dominica_1984.txt,https://raw.githubusercontent.com/marcomorucci/Clustering-Constitutions/master/constitutions/Dominica_1984.txt,Dominica 1978 (rev. 1984),211553,1112,1,0,12,10,0,0,591,126,numbered_provision,part+chapter,chapter
Dominican_Republic_2010,Dominican Republic,2010,Dominican_Republic_2010.txt,https://raw.githubusercontent.com/marcomorucci/Clustering-Constitutions/master/constitutions/Dominican_Republic_2010.txt,Dominican Republic 2010,187809,1182,1,15,0,43,43,277,0,345,article,title+chapter,chapter+section
East_Timor_2002,East Timor,2002,East_Timor_2002.txt,https://raw.githubusercontent.com/marcomorucci/Clustering-Constitutions/master/constitutions/East_Timor_2002.txt,East Timor 2002,99395,864,1,13,7,13,0,170,0,171,article,title+part+chapter,chapter
Ecuador_2008,Ecuador,2008,Ecuador_2008.txt,https://raw.githubusercontent.com/marcomorucci/Clustering-Constitutions/master/constitutions/Ecuador_2008.txt,Ecuador 2008,370379,2341,1,9,0,43,95,474,0,633,article,title+chapter,chapter+section
Egypt_2014,Egypt,2014,Egypt_2014.txt,https://raw.githubusercontent.com/marcomorucci/Clustering-Constitutions/master/constitutions/Egypt_2014.txt,Egypt 2014,132906,798,1,0,0,6,0,247,0,248,article,chapter,body
El_Salvador_2003,El Salvador,2003,El_Salvador_2003.txt,https://raw.githubusercontent.com/marcomorucci/Clustering-Constitutions/master/constitutions/El_Salvador_2003.txt,El Salvador 1983 (rev. 2003),147594,1014,0,11,0,13,0,274,0,301,article,title+chapter,chapter
Equatorial_Guinea_1995,Equatorial Guinea,1995,Equatorial_Guinea_1995.txt,https://raw.githubusercontent.com/marcomorucci/Clustering-Constitutions/master/constitutions/Equatorial_Guinea_1995.txt,Equatorial Guinea 1991 (rev. 1995),35600,410,1,0,5,8,0,104,0,119,article,part+chapter,chapter
Eritrea_1997,Eritrea,1997,Eritrea_1997.txt,https://raw.githubusercontent.com/marcomorucci/Clustering-Constitutions/master/constitutions/Eritrea_1997.txt,Eritrea 1997,42976,313,1,0,0,7,0,59,0,60,article,chapter,body
Estonia_2003,Estonia,2003,Estonia_2003.txt,https://raw.githubusercontent.com/marcomorucci/Clustering-Constitutions/master/constitutions/Estonia_2003.txt,Estonia 1992 (rev. 2003),70192,618,1,0,0,16,0,168,0,184,article,chapter,body
Ethiopia_1994,Ethiopia,1994,Ethiopia_1994.txt,https://raw.githubusercontent.com/marcomorucci/Clustering-Constitutions/master/constitutions/Ethiopia_1994.txt,Ethiopia 1994,87381,637,1,0,4,11,0,106,0,107,article,part+chapter,chapter
Fiji_2013,Fiji,2013,Fiji_2013.txt,https://raw.githubusercontent.com/marcomorucci/Clustering-Constitutions/master/constitutions/Fiji_2013.txt,Fiji 2013,276068,2634,0,0,20,12,0,0,925,20,numbered_provision,part+chapter,chapter
Finland_2011,Finland,2011,Finland_2011.txt,https://raw.githubusercontent.com/marcomorucci/Clustering-Constitutions/master/constitutions/Finland_2011.txt,Finland 1999 (rev. 2011),82484,462,0,0,0,13,131,0,0,131,body_block,chapter,section
France_2008,France,2008,France_2008.txt,https://raw.githubusercontent.com/marcomorucci/Clustering-Constitutions/master/constitutions/France_2008.txt,France 1958 (rev. 2008),90197,561,2,18,0,0,0,138,0,149,article,title,body
Gabon_1997,Gabon,1997,Gabon_1997.txt,https://raw.githubusercontent.com/marcomorucci/Clustering-Constitutions/master/constitutions/Gabon_1997.txt,Gabon 1991 (rev. 1997),74525,579,1,13,0,0,0,120,0,155,article,title,body
Gambia_2004,Gambia,2004,Gambia_2004.txt,https://raw.githubusercontent.com/marcomorucci/Clustering-Constitutions/master/constitutions/Gambia_2004.txt,Gambia 1996 (rev. 2004),249538,1691,1,0,34,23,0,0,886,248,numbered_provision,part+chapter,chapter
Georgia_2004,Georgia,2004,Georgia_2004.txt,https://raw.githubusercontent.com/marcomorucci/Clustering-Constitutions/master/constitutions/Georgia_2004.txt,Georgia 1995 (rev. 2004),95297,553,1,0,2,9,0,113,0,124,article,part+chapter,chapter
German_Federal_Republic_2012,German Federal Republic,2012,German_Federal_Republic_2012.txt,https://raw.githubusercontent.com/marcomorucci/Clustering-Constitutions/master/constitutions/German_Federal_Republic_2012.txt,German Federal Republic 1949 (rev. 2012),175294,848,1,0,0,0,0,146,0,198,article,document,body
Ghana_1996,Ghana,1996,Ghana_1996.txt,https://raw.githubusercontent.com/marcomorucci/Clustering-Constitutions/master/constitutions/Ghana_1996.txt,Ghana 1992 (rev. 1996),330586,2274,1,0,40,26,0,0,1236,349,numbered_provision,part+chapter,chapter
Greece_2008,Greece,2008,Greece_2008.txt,https://raw.githubusercontent.com/marcomorucci/Clustering-Constitutions/master/constitutions/Greece_2008.txt,Greece 1975 (rev. 2008),169583,783,1,0,4,16,12,120,0,161,article,part+chapter,chapter+section
Grenada_1992,Grenada,1992,Grenada_1992.txt,https://raw.githubusercontent.com/marcomorucci/Clustering-Constitutions/master/constitutions/Grenada_1992.txt,"Grenada 1973 (reinst. 1991, rev. 1992)",190118,993,1,0,10,9,0,0,511,118,numbered_provision,part+chapter,chapter
Guatemala_1993,Guatemala,1993,Guatemala_1993.txt,https://raw.githubusercontent.com/marcomorucci/Clustering-Constitutions/master/constitutions/Guatemala_1993.txt,Guatemala 1985 (rev. 1993),195943,1184,1,8,0,24,0,308,0,310,article,title+chapter,chapter
Guinea_2010,Guinea,2010,Guinea_2010.txt,https://raw.githubusercontent.com/marcomorucci/Clustering-Constitutions/master/constitutions/Guinea_2010.txt,Guinea 2010,80168,658,1,19,0,0,0,162,0,185,article,title,body
Guinea_Bissau_1991,Guinea Bissau,1991,Guinea_Bissau_1991.txt,https://raw.githubusercontent.com/marcomorucci/Clustering-Constitutions/master/constitutions/Guinea_Bissau_1991.txt,Guinea-Bissau 1984 (rev. 1991),50694,452,1,5,0,8,0,102,0,121,article,title+chapter,chapter
Guyana_1995,Guyana,1995,Guyana_1995.txt,https://raw.githubusercontent.com/marcomorucci/Clustering-Constitutions/master/constitutions/Guyana_1995.txt,Guyana 1980 (rev. 1995),256662,1405,1,10,2,12,0,1,0,240,article,title+part+chapter,chapter
Haiti_2012,Haiti,2012,Haiti_2012.txt,https://raw.githubusercontent.com/marcomorucci/Clustering-Constitutions/master/constitutions/Haiti_2012.txt,Haiti 1987 (rev. 2012),126039,1415,1,15,0,19,26,512,0,585,article,title+chapter,chapter+section
Honduras_2012,Honduras,2012,Honduras_2012.txt,https://raw.githubusercontent.com/marcomorucci/Clustering-Constitutions/master/constitutions/Honduras_2012.txt,Honduras 1982 (rev. 2012),167332,1368,1,8,0,43,0,379,0,423,article,title+chapter,chapter
Hungary_2011,Hungary,2011,Hungary_2011.txt,https://raw.githubusercontent.com/marcomorucci/Clustering-Constitutions/master/constitutions/Hungary_2011.txt,Hungary 2011,96078,676,1,0,0,0,0,105,0,132,article,document,body
Iceland_1999,Iceland,1999,Iceland_1999.txt,https://raw.githubusercontent.com/marcomorucci/Clustering-Constitutions/master/constitutions/Iceland_1999.txt,Iceland 1944 (rev. 1999),25334,216,0,0,0,0,0,79,0,79,article,document,body
India_2012,India,2012,India_2012.txt,https://raw.githubusercontent.com/marcomorucci/Clustering-Constitutions/master/constitutions/India_2012.txt,India 1949 (rev. 2012),616928,3703,1,0,38,23,0,0,1884,621,numbered_provision,part+chapter,chapter
Indonesia_2002,Indonesia,2002,Indonesia_2002.txt,https://raw.githubusercontent.com/marcomorucci/Clustering-Constitutions/master/constitutions/Indonesia_2002.txt,"Indonesia 1945 (reinst. 1959, rev. 2002)",37591,310,1,0,0,20,0,42,0,101,article,chapter,body
Iran_1989,Iran,1989,Iran_1989.txt,https://raw.githubusercontent.com/marcomorucci/Clustering-Constitutions/master/constitutions/Iran_1989.txt,Iran 1979 (rev. 1989),102919,551,1,0,0,14,5,177,0,208,article,chapter,section
Iraq_2005,Iraq,2005,Iraq_2005.txt,https://raw.githubusercontent.com/marcomorucci/Clustering-Constitutions/master/constitutions/Iraq_2005.txt,Iraq 2005,75873,734,1,0,0,12,0,146,0,338,article,chapter,body
Ireland_2012,Ireland,2012,Ireland_2012.txt,https://raw.githubusercontent.com/marcomorucci/Clustering-Constitutions/master/constitutions/Ireland_2012.txt,Ireland 1937 (rev. 2012),94835,528,1,0,0,0,0,50,0,82,article,document,body
Israel_2013,Israel,2013,Israel_2013.txt,https://raw.githubusercontent.com/marcomorucci/Clustering-Constitutions/master/constitutions/Israel_2013.txt,Israel 1958 (rev. 2013),108724,742,0,0,0,4,3,0,204,217,numbered_provision,chapter,section
Italy_2012,Italy,2012,Italy_2012.txt,https://raw.githubusercontent.com/marcomorucci/Clustering-Constitutions/master/constitutions/Italy_2012.txt,Italy 1947 (rev. 2012),74228,615,0,10,2,0,9,139,0,156,article,title+part,section
Jamaica_1994,Jamaica,1994,Jamaica_1994.txt,https://raw.githubusercontent.com/marcomorucci/Clustering-Constitutions/master/constitutions/Jamaica_1994.txt,Jamaica 1962 (rev. 1994),224354,1139,0,0,11,10,1,0,610,140,numbered_provision,part+chapter,chapter+section
Japan_1946,Japan,1946,Japan_1946.txt,https://raw.githubusercontent.com/marcomorucci/Clustering-Constitutions/master/constitutions/Japan_1946.txt,Japan 1946,31269,294,1,0,0,11,0,103,0,115,article,chapter,body
Jordan_2011,Jordan,2011,Jordan_2011.txt,https://raw.githubusercontent.com/marcomorucci/Clustering-Constitutions/master/constitutions/Jordan_2011.txt,Jordan 1952 (rev. 2011),62163,428,1,0,5,10,0,131,0,146,article,part+chapter,chapter
Kazakhstan_1998,Kazakhstan,1998,Kazakhstan_1998.txt,https://raw.githubusercontent.com/marcomorucci/Clustering-Constitutions/master/constitutions/Kazakhstan_1998.txt,Kazakhstan 1995 (rev. 1998),87391,519,1,0,0,0,9,98,0,108,article,document,section
Kenya_2010,Kenya,2010,Kenya_2010.txt,https://raw.githubusercontent.com/marcomorucci/Clustering-Constitutions/master/constitutions/Kenya_2010.txt,Kenya 2010,300677,3063,1,0,54,31,0,0,1269,315,numbered_provision,part+chapter,chapter
Kiribati_1995,Kiribati,1995,Kiribati_1995.txt,https://raw.githubusercontent.com/marcomorucci/Clustering-Constitutions/master/constitutions/Kiribati_1995.txt,Kiribati 1979 (rev. 1995),154936,958,1,0,10,10,0,0,499,145,numbered_provision,part+chapter,chapter
Kosovo_2008,Kosovo,2008,Kosovo_2008.txt,https://raw.githubusercontent.com/marcomorucci/Clustering-Constitutions/master/constitutions/Kosovo_2008.txt,Kosovo 2008,128022,843,1,0,0,14,0,162,0,163,article,chapter,body
Kuwait_1992,Kuwait,1992,Kuwait_1992.txt,https://raw.githubusercontent.com/marcomorucci/Clustering-Constitutions/master/constitutions/Kuwait_1992.txt,Kuwait 1962 (reinst. 1992),52620,451,1,0,5,5,3,183,0,195,article,part+chapter,chapter+section
Kyrgyz_Republic_2010,Kyrgyz Republic,2010,Kyrgyz_Republic_2010.txt,https://raw.githubusercontent.com/marcomorucci/Clustering-Constitutions/master/constitutions/Kyrgyz_Republic_2010.txt,Kyrgyz Republic 2010,90313,702,1,0,0,6,9,114,0,128,article,chapter,section
Laos_2003,Laos,2003,Laos_2003.txt,https://raw.githubusercontent.com/marcomorucci/Clustering-Constitutions/master/constitutions/Laos_2003.txt,Laos 1991 (rev. 2003),41664,330,1,0,0,11,0,98,0,110,article,chapter,body
Latvia_2007,Latvia,2007,Latvia_2007.txt,https://raw.githubusercontent.com/marcomorucci/Clustering-Constitutions/master/constitutions/Latvia_2007.txt,"Latvia 1922 (reinst. 1991, rev. 2007)",29797,258,1,0,0,8,0,116,0,125,article,chapter,body
Lebanon_2004,Lebanon,2004,Lebanon_2004.txt,https://raw.githubusercontent.com/marcomorucci/Clustering-Constitutions/master/constitutions/Lebanon_2004.txt,Lebanon 1926 (rev. 2004),39610,290,1,0,6,6,0,96,0,113,article,part+chapter,chapter
Lesotho_1998,Lesotho,1998,Lesotho_1998.txt,https://raw.githubusercontent.com/marcomorucci/Clustering-Constitutions/master/constitutions/Lesotho_1998.txt,Lesotho 1993 (rev. 1998),250078,1367,0,0,9,15,0,0,722,172,numbered_provision,part+chapter,chapter
Liberia_1986,Liberia,1986,Liberia_1986.txt,https://raw.githubusercontent.com/marcomorucci/Clustering-Constitutions/master/constitutions/Liberia_1986.txt,Liberia 1986,73349,335,1,0,0,13,0,97,0,111,article,chapter,body
Libya_2011,Libya,2011,Libya_2011.txt,https://raw.githubusercontent.com/marcomorucci/Clustering-Constitutions/master/constitutions/Libya_2011.txt,Libya 2011,18926,106,1,0,0,5,0,37,0,43,article,chapter,body
Liechtenstein_2003,Liechtenstein,2003,Liechtenstein_2003.txt,https://raw.githubusercontent.com/marcomorucci/Clustering-Constitutions/master/constitutions/Liechtenstein_2003.txt,Liechtenstein 1921 (rev. 2003),58465,408,1,0,0,12,0,115,0,136,article,chapter,body
Lithuania_2006,Lithuania,2006,Lithuania_2006.txt,https://raw.githubusercontent.com/marcomorucci/Clustering-Constitutions/master/constitutions/Lithuania_2006.txt,Lithuania 1992 (rev. 2006),88146,711,1,0,0,14,0,164,0,184,article,chapter,body
Luxembourg_2009,Luxembourg,2009,Luxembourg_2009.txt,https://raw.githubusercontent.com/marcomorucci/Clustering-Constitutions/master/constitutions/Luxembourg_2009.txt,Luxembourg 1868 (rev. 2009),37792,381,0,0,0,13,4,121,0,146,article,chapter,section
Macedonia_2011,Macedonia,2011,Macedonia_2011.txt,https://raw.githubusercontent.com/marcomorucci/Clustering-Constitutions/master/constitutions/Macedonia_2011.txt,Macedonia 1991 (rev. 2011),84882,655,1,0,0,0,0,134,0,183,article,document,body
Madagascar_2010,Madagascar,2010,Madagascar_2010.txt,https://raw.githubusercontent.com/marcomorucci/Clustering-Constitutions/master/constitutions/Madagascar_2010.txt,Madagascar 2010,94440,746,1,7,0,12,0,168,0,192,article,title+chapter,chapter
Malawi_1999,Malawi,1999,Malawi_1999.txt,https://raw.githubusercontent.com/marcomorucci/Clustering-Constitutions/master/constitutions/Malawi_1999.txt,Malawi 1994 (rev. 1999),203337,1443,1,0,0,30,0,0,726,218,numbered_provision,chapter,body
Malaysia_1996,Malaysia,1996,Malaysia_1996.txt,https://raw.githubusercontent.com/marcomorucci/Clustering-Constitutions/master/constitutions/Malaysia_1996.txt,Malaysia 1957 (rev. 1996),378646,2211,0,0,38,19,0,0,1151,263,numbered_provision,part+chapter,chapter
Maldives_2008,Maldives,2008,Maldives_2008.txt,https://raw.githubusercontent.com/marcomorucci/Clustering-Constitutions/master/constitutions/Maldives_2008.txt,Maldives 2008,151966,1177,0,0,7,14,0,0,310,314,numbered_provision,part+chapter,chapter
Mali_1992,Mali,1992,Mali_1992.txt,https://raw.githubusercontent.com/marcomorucci/Clustering-Constitutions/master/constitutions/Mali_1992.txt,Mali 1992,48641,467,1,18,0,0,0,122,0,141,article,title,body
Malta_2011,Malta,2011,Malta_2011.txt,https://raw.githubusercontent.com/marcomorucci/Clustering-Constitutions/master/constitutions/Malta_2011.txt,Malta 1964 (rev. 2011),188844,1002,0,0,3,12,0,0,491,133,numbered_provision,part+chapter,chapter
Marshall_Islands_1995,Marshall Islands,1995,Marshall_Islands_1995.txt,https://raw.githubusercontent.com/marcomorucci/Clustering-Constitutions/master/constitutions/Marshall_Islands_1995.txt,Marshall Islands 1979 (rev. 1995),127289,693,1,0,0,0,123,14,0,124,article,document,section
Mauritania_2012,Mauritania,2012,Mauritania_2012.txt,https://raw.githubusercontent.com/marcomorucci/Clustering-Constitutions/master/constitutions/Mauritania_2012.txt,Mauritania 1991 (rev. 2012),47862,403,1,12,0,0,0,102,0,115,article,title,body
Mauritius_2011,Mauritius,2011,Mauritius_2011.txt,https://raw.githubusercontent.com/marcomorucci/Clustering-Constitutions/master/constitutions/Mauritius_2011.txt,Mauritius 1968 (rev. 2011),221199,1245,0,0,2,12,0,0,590,141,numbered_provision,part+chapter,chapter
Mexico_2007,Mexico,2007,Mexico_2007.txt,https://raw.githubusercontent.com/marcomorucci/Clustering-Constitutions/master/constitutions/Mexico_2007.txt,Mexico 1917 (rev. 2007),320436,1403,0,0,0,10,5,156,0,187,article,chapter,section
Micronesia_1990,Micronesia,1990,Micronesia_1990.txt,https://raw.githubusercontent.com/marcomorucci/Clustering-Constitutions/master/constitutions/Micronesia_1990.txt,Micronesia 1981 (rev. 1990),32968,259,1,0,0,0,94,16,0,111,article,document,section
Moldova_2006,Moldova,2006,Moldova_2006.txt,https://raw.githubusercontent.com/marcomorucci/Clustering-Constitutions/master/constitutions/Moldova_2006.txt,Moldova 1994 (rev. 2006),82192,656,1,8,0,8,6,151,0,155,article,title+chapter,chapter+section
Monaco_2002,Monaco,2002,Monaco_2002.txt,https://raw.githubusercontent.com/marcomorucci/Clustering-Constitutions/master/constitutions/Monaco_2002.txt,Monaco 1962 (rev. 2002),28323,309,0,0,0,12,0,97,0,109,article,chapter,body
Mongolia_2001,Mongolia,2001,Mongolia_2001.txt,https://raw.githubusercontent.com/marcomorucci/Clustering-Constitutions/master/constitutions/Mongolia_2001.txt,Mongolia 1992 (rev. 2001),59793,365,1,0,0,6,0,70,0,80,article,chapter,body
Montenegro_2007,Montenegro,2007,Montenegro_2007.txt,https://raw.githubusercontent.com/marcomorucci/Clustering-Constitutions/master/constitutions/Montenegro_2007.txt,Montenegro 2007,73372,726,1,0,8,0,0,174,0,177,article,part,body
Morocco_2011,Morocco,2011,Morocco_2011.txt,https://raw.githubusercontent.com/marcomorucci/Clustering-Constitutions/master/constitutions/Morocco_2011.txt,Morocco 2011,103049,733,1,13,0,0,0,179,0,208,article,title,body
Mozambique_2007,Mozambique,2007,Mozambique_2007.txt,https://raw.githubusercontent.com/marcomorucci/Clustering-Constitutions/master/constitutions/Mozambique_2007.txt,Mozambique 2004 (rev. 2007),155802,1382,1,17,0,34,3,306,0,307,article,title+chapter,chapter+section
Myanmar_2008,Myanmar,2008,Myanmar_2008.txt,https://raw.githubusercontent.com/marcomorucci/Clustering-Constitutions/master/constitutions/Myanmar_2008.txt,Myanmar 2008,254443,1782,1,0,136,15,0,0,476,171,numbered_provision,part+chapter,chapter
Namibia_2010,Namibia,2010,Namibia_2010.txt,https://raw.githubusercontent.com/marcomorucci/Clustering-Constitutions/master/constitutions/Namibia_2010.txt,Namibia 1990 (rev. 2010),150207,853,1,0,0,21,0,148,0,158,article,chapter,body
Nauru_1968,Nauru,1968,Nauru_1968.txt,https://raw.githubusercontent.com/marcomorucci/Clustering-Constitutions/master/constitutions/Nauru_1968.txt,Nauru 1968,80562,586,1,0,11,0,0,0,328,107,numbered_provision,part,body
Nepal_2010,Nepal,2010,Nepal_2010.txt,https://raw.githubusercontent.com/marcomorucci/Clustering-Constitutions/master/constitutions/Nepal_2010.txt,Nepal 2006 (rev. 2010),243299,1456,3,0,25,0,0,0,676,223,numbered_provision,part,body
Netherlands_2008,Netherlands,2008,Netherlands_2008.txt,https://raw.githubusercontent.com/marcomorucci/Clustering-Constitutions/master/constitutions/Netherlands_2008.txt,Netherlands 1815 (rev. 2008),57021,505,0,0,0,8,0,162,0,176,article,chapter,body
Nicaragua_2005,Nicaragua,2005,Nicaragua_2005.txt,https://raw.githubusercontent.com/marcomorucci/Clustering-Constitutions/master/constitutions/Nicaragua_2005.txt,Nicaragua 1987 (rev. 2005),122015,824,1,11,0,20,0,202,0,229,article,title+chapter,chapter
Niger_2010,Niger,2010,Niger_2010.txt,https://raw.githubusercontent.com/marcomorucci/Clustering-Constitutions/master/constitutions/Niger_2010.txt,Niger 2010,90177,812,1,13,0,0,12,184,0,209,article,title,section
Nigeria_1999,Nigeria,1999,Nigeria_1999.txt,https://raw.githubusercontent.com/marcomorucci/Clustering-Constitutions/master/constitutions/Nigeria_1999.txt,Nigeria 1999,382748,2310,1,0,25,8,0,0,980,77,numbered_provision,part+chapter,chapter
Norway_2004,Norway,2004,Norway_2004.txt,https://raw.githubusercontent.com/marcomorucci/Clustering-Constitutions/master/constitutions/Norway_2004.txt,Norway 1814 (rev. 2004),44949,339,0,0,0,0,0,115,0,120,article,document,body
Oman_2011,Oman,2011,Oman_2011.txt,https://raw.githubusercontent.com/marcomorucci/Clustering-Constitutions/master/constitutions/Oman_2011.txt,Oman 1996 (rev. 2011),47640,365,0,0,0,7,0,126,0,133,article,chapter,body
Pakistan_2012,Pakistan,2012,Pakistan_2012.txt,https://raw.githubusercontent.com/marcomorucci/Clustering-Constitutions/master/constitutions/Pakistan_2012.txt,"Pakistan 1973 (reinst. 2002, rev. 2012)",349926,2221,1,0,16,27,11,0,1091,349,numbered_provision,part+chapter,chapter+section
Palau_1992,Palau,1992,Palau_1992.txt,https://raw.githubusercontent.com/marcomorucci/Clustering-Constitutions/master/constitutions/Palau_1992.txt,Palau 1981 (rev. 1992),49072,304,1,0,0,0,110,15,0,128,article,document,section
Panama_2004,Panama,2004,Panama_2004.txt,https://raw.githubusercontent.com/marcomorucci/Clustering-Constitutions/master/constitutions/Panama_2004.txt,Panama 1972 (rev. 2004),167385,1187,1,15,0,33,0,328,0,368,article,title+chapter,chapter
Papua_New_Guinea_1991,Papua New Guinea,1991,Papua_New_Guinea_1991.txt,https://raw.githubusercontent.com/marcomorucci/Clustering-Constitutions/master/constitutions/Papua_New_Guinea_1991.txt,Papua New Guinea 1975 (rev. 1991),339782,2533,1,0,24,0,0,0,1065,332,numbered_provision,part,body
Paraguay_2011,Paraguay,2011,Paraguay_2011.txt,https://raw.githubusercontent.com/marcomorucci/Clustering-Constitutions/master/constitutions/Paraguay_2011.txt,Paraguay 1992 (rev. 2011),178431,1152,1,7,2,22,28,311,0,313,article,title+part+chapter,chapter+section
Peoples_Republic_of_Korea_1998,Peoples Republic of Korea,1998,Peoples_Republic_of_Korea_1998.txt,https://raw.githubusercontent.com/marcomorucci/Clustering-Constitutions/master/constitutions/Peoples_Republic_of_Korea_1998.txt,People's Republic of Korea 1972 (rev. 1998),48762,519,1,0,0,7,7,166,0,180,article,chapter,section
Peru_2009,Peru,2009,Peru_2009.txt,https://raw.githubusercontent.com/marcomorucci/Clustering-Constitutions/master/constitutions/Peru_2009.txt,Peru 1993 (rev. 2009),119288,940,1,6,0,26,0,206,0,257,article,title+chapter,chapter
Philippines_1987,Philippines,1987,Philippines_1987.txt,https://raw.githubusercontent.com/marcomorucci/Clustering-Constitutions/master/constitutions/Philippines_1987.txt,Philippines 1987,140102,874,1,0,0,0,305,20,0,342,article,document,section
Poland_1997,Poland,1997,Poland_1997.txt,https://raw.githubusercontent.com/marcomorucci/Clustering-Constitutions/master/constitutions/Poland_1997.txt,Poland 1997,126303,919,1,0,0,13,0,243,0,273,article,chapter,body
Portugal_2005,Portugal,2005,Portugal_2005.txt,https://raw.githubusercontent.com/marcomorucci/Clustering-Constitutions/master/constitutions/Portugal_2005.txt,Portugal 1976 (rev. 2005),232710,1651,1,19,4,24,0,296,0,297,article,title+part+chapter,chapter
Qatar_2003,Qatar,2003,Qatar_2003.txt,https://raw.githubusercontent.com/marcomorucci/Clustering-Constitutions/master/constitutions/Qatar_2003.txt,Qatar 2003,43237,370,0,0,0,5,5,150,0,159,article,chapter,section
Republic_of_Korea_1987,Republic of Korea,1987,Republic_of_Korea_1987.txt,https://raw.githubusercontent.com/marcomorucci/Clustering-Constitutions/master/constitutions/Republic_of_Korea_1987.txt,Republic of Korea 1948 (rev. 1987),58134,486,1,0,2,10,4,136,0,152,article,part+chapter,chapter+section
Romania_2003,Romania,2003,Romania_2003.txt,https://raw.githubusercontent.com/marcomorucci/Clustering-Constitutions/master/constitutions/Romania_2003.txt,Romania 1991 (rev. 2003),93431,693,0,8,0,10,8,156,0,156,article,title+chapter,chapter+section
Russia_2008,Russia,2008,Russia_2008.txt,https://raw.githubusercontent.com/marcomorucci/Clustering-Constitutions/master/constitutions/Russia_2008.txt,Russia 1993 (rev. 2008),88793,598,1,0,0,9,2,137,0,148,article,chapter,section
Rwanda_2010,Rwanda,2010,Rwanda_2010.txt,https://raw.githubusercontent.com/marcomorucci/Clustering-Constitutions/master/constitutions/Rwanda_2010.txt,Rwanda 2003 (rev. 2010),113015,1012,1,12,0,23,9,203,0,233,article,title+chapter,chapter+section
Samoa_2010,Samoa,2010,Samoa_2010.txt,https://raw.githubusercontent.com/marcomorucci/Clustering-Constitutions/master/constitutions/Samoa_2010.txt,Samoa 1962 (rev. 2010),107123,664,1,0,12,0,0,1,0,129,article,part,body
Sao_Tome_and_Principe_1990,Sao Tome and Principe,1990,Sao_Tome_and_Principe_1990.txt,https://raw.githubusercontent.com/marcomorucci/Clustering-Constitutions/master/constitutions/Sao_Tome_and_Principe_1990.txt,Sao Tome and Principe 1975 (rev. 1990),50668,482,1,11,4,0,0,127,0,128,article,title+part,body
Saudi_Arabia_2005,Saudi Arabia,2005,Saudi_Arabia_2005.txt,https://raw.githubusercontent.com/marcomorucci/Clustering-Constitutions/master/constitutions/Saudi_Arabia_2005.txt,Saudi Arabia 1992 (rev. 2005),42463,384,0,0,9,0,0,153,0,164,article,part,body
Senegal_2009,Senegal,2009,Senegal_2009.txt,https://raw.githubusercontent.com/marcomorucci/Clustering-Constitutions/master/constitutions/Senegal_2009.txt,Senegal 2001 (rev. 2009),64805,502,1,14,0,0,0,112,0,129,article,title,body
Serbia_2006,Serbia,2006,Serbia_2006.txt,https://raw.githubusercontent.com/marcomorucci/Clustering-Constitutions/master/constitutions/Serbia_2006.txt,Serbia 2006,128606,969,1,0,10,0,0,206,0,209,article,part,body
Seychelles_2011,Seychelles,2011,Seychelles_2011.txt,https://raw.githubusercontent.com/marcomorucci/Clustering-Constitutions/master/constitutions/Seychelles_2011.txt,Seychelles 1993 (rev. 2011),231635,1620,1,0,22,16,0,0,636,45,numbered_provision,part+chapter,chapter
Sierra_Leone_2008,Sierra Leone,2008,Sierra_Leone_2008.txt,https://raw.githubusercontent.com/marcomorucci/Clustering-Constitutions/master/constitutions/Sierra_Leone_2008.txt,"Sierra Leone 1991 (reinst. 1996, rev. 2008)",269006,1514,0,0,17,14,0,0,800,197,numbered_provision,part+chapter,chapter
Singapore_2010,Singapore,2010,Singapore_2010.txt,https://raw.githubusercontent.com/marcomorucci/Clustering-Constitutions/master/constitutions/Singapore_2010.txt,Singapore 1959 (rev. 2010),264179,1597,0,0,17,3,0,0,734,246,numbered_provision,part+chapter,chapter
Slovakia_2001,Slovakia,2001,Slovakia_2001.txt,https://raw.githubusercontent.com/marcomorucci/Clustering-Constitutions/master/constitutions/Slovakia_2001.txt,Slovakia 1992 (rev. 2001),114079,762,1,0,9,21,0,156,0,192,article,part+chapter,chapter
Slovenia_2006,Slovenia,2006,Slovenia_2006.txt,https://raw.githubusercontent.com/marcomorucci/Clustering-Constitutions/master/constitutions/Slovenia_2006.txt,Slovenia 1991 (rev. 2006),81483,644,1,0,0,0,0,183,0,191,article,document,body
Socialist_Republic_of_Vietnam_2001,Socialist Republic of Vietnam,2001,Socialist_Republic_of_Vietnam_2001.txt,https://raw.githubusercontent.com/marcomorucci/Clustering-Constitutions/master/constitutions/Socialist_Republic_of_Vietnam_2001.txt,Socialist Republic of Vietnam 1992 (rev. 2001),78342,518,1,0,0,12,0,147,0,162,article,chapter,body
Solomon_Islands_2009,Solomon Islands,2009,Solomon_Islands_2009.txt,https://raw.githubusercontent.com/marcomorucci/Clustering-Constitutions/master/constitutions/Solomon_Islands_2009.txt,Solomon Islands 1978 (rev. 2009),201422,1191,1,0,5,14,0,0,599,168,numbered_provision,part+chapter,chapter
Somalia_2012,Somalia,2012,Somalia_2012.txt,https://raw.githubusercontent.com/marcomorucci/Clustering-Constitutions/master/constitutions/Somalia_2012.txt,Somalia 2012,135564,1064,0,0,0,15,0,143,0,160,article,chapter,body
South_Africa_2012,South Africa,2012,South_Africa_2012.txt,https://raw.githubusercontent.com/marcomorucci/Clustering-Constitutions/master/constitutions/South_Africa_2012.txt,South Africa 1996 (rev. 2012),288626,2641,1,0,30,14,0,0,1008,326,numbered_provision,part+chapter,chapter
South_Sudan_2011,South Sudan,2011,South_Sudan_2011.txt,https://raw.githubusercontent.com/marcomorucci/Clustering-Constitutions/master/constitutions/South_Sudan_2011.txt,South Sudan 2011,175892,1494,1,0,16,34,0,0,754,209,numbered_provision,part+chapter,chapter
Spain_2011,Spain,2011,Spain_2011.txt,https://raw.githubusercontent.com/marcomorucci/Clustering-Constitutions/master/constitutions/Spain_2011.txt,Spain 1978 (rev. 2011),116082,776,1,0,10,11,169,0,359,209,numbered_provision,part+chapter,chapter+section
Sri_Lanka_2010,Sri Lanka,2010,Sri_Lanka_2010.txt,https://raw.githubusercontent.com/marcomorucci/Clustering-Constitutions/master/constitutions/Sri_Lanka_2010.txt,Sri Lanka 1978 (rev. 2010),363222,2060,1,0,2,29,0,0,887,254,numbered_provision,part+chapter,chapter
St_Kitts_and_Nevis_1983,St Kitts and Nevis,1983,St_Kitts_and_Nevis_1983.txt,https://raw.githubusercontent.com/marcomorucci/Clustering-Constitutions/master/constitutions/St_Kitts_and_Nevis_1983.txt,St. Kitts and Nevis 1983,276692,1520,1,0,25,17,0,0,763,170,numbered_provision,part+chapter,chapter
St_Lucia_1978,St Lucia,1978,St_Lucia_1978.txt,https://raw.githubusercontent.com/marcomorucci/Clustering-Constitutions/master/constitutions/St_Lucia_1978.txt,St. Lucia 1978,234087,1103,1,0,13,10,0,0,540,27,numbered_provision,part+chapter,chapter
St_Vincent_and_the_Grenadines_1979,St Vincent and the Grenadines,1979,St_Vincent_and_the_Grenadines_1979.txt,https://raw.githubusercontent.com/marcomorucci/Clustering-Constitutions/master/constitutions/St_Vincent_and_the_Grenadines_1979.txt,St. Vincent and the Grenadines 1979,194874,1006,1,0,10,9,0,0,509,108,numbered_provision,part+chapter,chapter
Sudan_2005,Sudan,2005,Sudan_2005.txt,https://raw.githubusercontent.com/marcomorucci/Clustering-Constitutions/master/constitutions/Sudan_2005.txt,Sudan 2005,176612,1333,1,0,17,32,0,0,652,234,numbered_provision,part+chapter,chapter
Surinam_1992,Surinam,1992,Surinam_1992.txt,https://raw.githubusercontent.com/marcomorucci/Clustering-Constitutions/master/constitutions/Surinam_1992.txt,Surinam 1987 (rev. 1992),79981,760,1,0,0,29,0,186,0,255,article,chapter,body
Swaziland_2005,Swaziland,2005,Swaziland_2005.txt,https://raw.githubusercontent.com/marcomorucci/Clustering-Constitutions/master/constitutions/Swaziland_2005.txt,Swaziland 2005,295246,2065,1,0,12,19,0,0,1181,282,numbered_provision,part+chapter,chapter
Sweden_2012,Sweden,2012,Sweden_2012.txt,https://raw.githubusercontent.com/marcomorucci/Clustering-Constitutions/master/constitutions/Sweden_2012.txt,Sweden 1974 (rev. 2012),367078,2423,0,0,239,62,0,530,0,909,article,part+chapter,chapter
Switzerland_2002,Switzerland,2002,Switzerland_2002.txt,https://raw.githubusercontent.com/marcomorucci/Clustering-Constitutions/master/constitutions/Switzerland_2002.txt,Switzerland 1999 (rev. 2002),111630,1030,1,6,0,14,19,197,0,222,article,title+chapter,chapter+section
Syria_2012,Syria,2012,Syria_2012.txt,https://raw.githubusercontent.com/marcomorucci/Clustering-Constitutions/master/constitutions/Syria_2012.txt,Syria 2012,51756,462,1,6,0,9,0,157,0,173,article,title+chapter,chapter
Taiwan_2005,Taiwan,2005,Taiwan_2005.txt,https://raw.githubusercontent.com/marcomorucci/Clustering-Constitutions/master/constitutions/Taiwan_2005.txt,Taiwan 1947 (rev. 2005),72496,592,1,0,0,14,8,187,0,209,article,chapter,section
Tajikistan_2003,Tajikistan,2003,Tajikistan_2003.txt,https://raw.githubusercontent.com/marcomorucci/Clustering-Constitutions/master/constitutions/Tajikistan_2003.txt,Tajikistan 1994 (rev. 2003),51680,436,1,0,0,10,0,100,0,112,article,chapter,body
Tanzania_1995,Tanzania,1995,Tanzania_1995.txt,https://raw.githubusercontent.com/marcomorucci/Clustering-Constitutions/master/constitutions/Tanzania_1995.txt,Tanzania 1977 (rev. 1995),206780,1112,1,0,22,10,18,0,649,156,numbered_provision,part+chapter,chapter+section
Thailand_2007,Thailand,2007,Thailand_2007.txt,https://raw.githubusercontent.com/marcomorucci/Clustering-Constitutions/master/constitutions/Thailand_2007.txt,Thailand 2007,276741,1478,1,0,43,15,312,0,7,368,numbered_provision,part+chapter,chapter+section
Togo_2007,Togo,2007,Togo_2007.txt,https://raw.githubusercontent.com/marcomorucci/Clustering-Constitutions/master/constitutions/Togo_2007.txt,Togo 1992 (rev. 2007),66419,626,1,17,0,0,0,160,0,182,article,title,body
Tonga_1988,Tonga,1988,Tonga_1988.txt,https://raw.githubusercontent.com/marcomorucci/Clustering-Constitutions/master/constitutions/Tonga_1988.txt,Tonga 1875 (rev. 1988),54512,272,1,0,3,0,0,0,128,114,numbered_provision,part,body
Trinidad_and_Tobago_2007,Trinidad and Tobago,2007,Trinidad_and_Tobago_2007.txt,https://raw.githubusercontent.com/marcomorucci/Clustering-Constitutions/master/constitutions/Trinidad_and_Tobago_2007.txt,Trinidad and Tobago 1976 (rev. 2007),192411,1173,1,0,17,12,0,0,651,160,numbered_provision,part+chapter,chapter
Tunisia_2014,Tunisia,2014,Tunisia_2014.txt,https://raw.githubusercontent.com/marcomorucci/Clustering-Constitutions/master/constitutions/Tunisia_2014.txt,Tunisia 2014,84873,580,1,0,9,0,0,149,0,149,article,part,body
Turkey_2002,Turkey,2002,Turkey_2002.txt,https://raw.githubusercontent.com/marcomorucci/Clustering-Constitutions/master/constitutions/Turkey_2002.txt,Turkey 1982 (rev. 2002),189628,1116,1,0,8,8,0,177,0,374,article,part+chapter,chapter
Turkmenistan_2008,Turkmenistan,2008,Turkmenistan_2008.txt,https://raw.githubusercontent.com/marcomorucci/Clustering-Constitutions/master/constitutions/Turkmenistan_2008.txt,Turkmenistan 2008,39971,366,1,0,0,5,8,117,0,130,article,chapter,section
Tuvalu_1986,Tuvalu,1986,Tuvalu_1986.txt,https://raw.githubusercontent.com/marcomorucci/Clustering-Constitutions/master/constitutions/Tuvalu_1986.txt,Tuvalu 1986,209499,2080,1,0,10,0,0,0,761,223,numbered_provision,part,body
Uganda_2005,Uganda,2005,Uganda_2005.txt,https://raw.githubusercontent.com/marcomorucci/Clustering-Constitutions/master/constitutions/Uganda_2005.txt,Uganda 1995 (rev. 2005),313992,2653,1,0,0,19,0,0,1186,363,numbered_provision,chapter,body
Ukraine_2004,Ukraine,2004,Ukraine_2004.txt,https://raw.githubusercontent.com/marcomorucci/Clustering-Constitutions/master/constitutions/Ukraine_2004.txt,Ukraine 1996 (rev. 2004),122814,865,1,0,0,15,0,161,0,177,article,chapter,body
United_Arab_Emirates_2004,United Arab Emirates,2004,United_Arab_Emirates_2004.txt,https://raw.githubusercontent.com/marcomorucci/Clustering-Constitutions/master/constitutions/United_Arab_Emirates_2004.txt,United Arab Emirates 1971 (rev. 2004),71113,515,1,0,0,10,8,152,0,172,article,chapter,section
United_States_of_America_1992,United States of America,1992,United_States_of_America_1992.txt,https://raw.githubusercontent.com/marcomorucci/Clustering-Constitutions/master/constitutions/United_States_of_America_1992.txt,United States of America 1789 (rev. 1992),45800,244,1,0,0,0,54,7,0,89,article,document,section
Uruguay_2004,Uruguay,2004,Uruguay_2004.txt,https://raw.githubusercontent.com/marcomorucci/Clustering-Constitutions/master/constitutions/Uruguay_2004.txt,"Uruguay 1966 (reinst. 1985, rev. 2004)",191542,1295,0,0,0,75,19,333,0,427,article,chapter,section
Uzbekistan_1992,Uzbekistan,1992,Uzbekistan_1992.txt,https://raw.githubusercontent.com/marcomorucci/Clustering-Constitutions/master/constitutions/Uzbekistan_1992.txt,Uzbekistan 1992,51676,458,1,0,6,26,0,128,0,156,article,part+chapter,chapter
Vanuatu_1983,Vanuatu,1983,Vanuatu_1983.txt,https://raw.githubusercontent.com/marcomorucci/Clustering-Constitutions/master/constitutions/Vanuatu_1983.txt,Vanuatu 1980 (rev. 1983),52183,394,1,0,4,15,0,0,248,98,numbered_provision,part+chapter,chapter
Venezuela_2009,Venezuela,2009,Venezuela_2009.txt,https://raw.githubusercontent.com/marcomorucci/Clustering-Constitutions/master/constitutions/Venezuela_2009.txt,Venezuela 1999 (rev. 2009),240449,1310,1,9,0,33,0,350,0,429,article,title+chapter,chapter
Yemen_2001,Yemen,2001,Yemen_2001.txt,https://raw.githubusercontent.com/marcomorucci/Clustering-Constitutions/master/constitutions/Yemen_2001.txt,Yemen 1991 (rev. 2001),68130,427,0,0,5,7,0,162,0,175,article,part+chapter,chapter
Zambia_2009,Zambia,2009,Zambia_2009.txt,https://raw.githubusercontent.com/marcomorucci/Clustering-Constitutions/master/constitutions/Zambia_2009.txt,Zambia 1991 (rev. 2009),181924,1105,1,0,14,0,0,139,0,140,article,part,body
Zimbabwe_2013,Zimbabwe,2013,Zimbabwe_2013.txt,https://raw.githubusercontent.com/marcomorucci/Clustering-Constitutions/master/constitutions/Zimbabwe_2013.txt,Zimbabwe 2013,348577,3021,2,0,62,18,1,0,1283,401,numbered_provision,part+chapter,chapter+section
