doc,T00,T01,T02,T03,T04,T05,T06,T07,T08,T09,T10,T11,T12,T13,T14,T15,T16,T17,T18,T19
Afghanistan_2004,3.160556331202832e-05,3.160556324003521e-05,3.1605563307830726e-05,0.2309795811885003,3.160556332419331e-05,0.022919596093997907,3.160556257902667e-05,3.160556339409286e-05,3.160556335022657e-05,3.160556310626973e-05,3.160556343002646e-05,3.160556321266187e-05,3.160556332950175e-05,0.16416931013998373,3.160556321513891e-05,0.42590067634691636,0.08515358613567717,0.017773060450358535,0.052693317322664544,3.160556310060664e-05
Albania_2008,2.0721094592958954e-05,0.039726005077686685,2.072109456185459e-05,0.05091284991253418,2.0721094556340138e-05,2.072109455673133e-05,2.0721094073775652e-05,2.072109449271788e-05,2.0721094502535558e-05,2.0721094479418016e-05,0.060684665419110585,0.031425131065697075,0.050106507770044814,0.036243679288967004,2.0721094587293063e-05,0.7306317872372946,2.072109456397709e-05,2.0721094588715865e-05,2.0721094615333516e-05,2.0721094493448802e-05
Algeria_2008,3.144654161730604e-05,3.144654159273652e-05,3.144654170972677e-05,0.29355782446252904,3.1446541723107314e-05,3.144654170166541e-05,3.144654088051749e-05,3.144654178134465e-05,3.1446541639954435e-05,3.1446541492598594e-05,3.144654153680397e-05,3.144654163863391e-05,0.40261601812776454,0.09231411617560759,3.144654156465129e-05,0.21100889656884658,3.144654162300496e-05,3.1446541509303574e-05,3.14465415983844e-05,3.1446541642599055e-05
Andorra_1993,0.010240915678023514,3.7850114504919935e-05,3.785011449571763e-05,0.27955859106927483,3.785011449217744e-05,3.785011433360491e-05,3.7850113550359394e-05,3.785011443046138e-05,3.785011449405894e-05,3.785011422621053e-05,0.0851869170787449,3.785011446757087e-05,0.16977319749457476,0.13356303675033346,3.785011451286841e-05,0.1862863886119553,3.785011445821271e-05,0.07014343421935769,3.785011445051869e-05,0.06479331772531899
Angola_2010,0.004515403219620508,1.0972130996268082e-05,1.0972131064949122e-05,0.0412225797317427,1.0972131054217713e-05,1.0972131020735285e-05,1.0972130787804051e-05,1.0972130981702773e-05,1.0972131029408519e-05,1.0972130983077121e-05,1.0972131054030181e-05,1.097213103593168e-05,0.04681844979117163,0.3736365625997722,1.0972131028460923e-05,0.1764101602344344,0.009008111997964542,1.0972131035854275e-05,0.03920896140452721,0.30904810544869427
Antigua_and_Barbuda_1981,9.365049799365165e-06,9.365049806619679e-06,9.365049834488117e-06,9.36504986047262e-06,9.365049854056084e-06,9.365049824280268e-06,9.365049634766484e-06,9.365049847248615e-06,9.365049842947238e-06,9.365049818440281e-06,9.365049805769343e-06,9.365049914311366e-06,9.365049853405767e-06,9.365049844095035e-06,0.9998220640532736,9.365049860219194e-06,9.365049836991094e-06,9.365049826329368e-06,9.365049830054778e-06,9.36504983275855e-06
Argentina_1994,0.02130409433065067,0.06316397096646459,2.333177844896087e-05,0.11444015102393809,2.3331778447669834e-05,2.3331778415669593e-05,2.333177788148572e-05,0.06218783037011939,0.05252513726812211,2.333177835341469e-05,0.02660148260164067,2.333177845240621e-05,0.05555161936594573,0.5054782020926445,2.333177843466333e-05,0.04072228858443008,2.3331778377121093e-05,0.05779190561227918,2.333177847447976e-05,2.3331778479105534e-05
Armenia_2005,2.271694746801959e-05,2.271694731067632e-05,0.009152636825720714,0.1005803408950767,0.035664508326495266,2.2716947264663066e-05,2.2716946842354e-05,2.271694741890037e-05,2.2716947386376208e-05,2.271694732817608e-05,2.2716947390977325e-05,2.2716947356224935e-05,2.2716947423211885e-05,2.271694742540891e-05,2.2716947339532e-05,0.8428660634112805,2.2716947384470553e-05,0.011395696331316664,2.271694731568616e-05,2.2716947455691648e-05
Australia_1985,2.793296141971935e-05,0.2458497262862065,2.793296143329964e-05,2.793296140807499e-05,2.7932961496195768e-05,2.7932961552252083e-05,2.7932960893865344e-05,0.10319309243156191,0.5217169047274284,2.7932961431311374e-05,2.7932961379673423e-05,2.7932961347258055e-05,2.7932961331885322e-05,2.793296135118673e-05,0.12879334917290378,2.79329613853016e-05,2.793296136098902e-05,2.7932961312421027e-05,2.7932961495800966e-05,2.7932961300151934e-05
Austria_2009,6.571165869569583e-06,0.07277589611589153,0.790930620552331,6.571165881970609e-06,6.571165867584775e-06,6.571165858963439e-06,6.571165724802494e-06,6.571165851311974e-06,6.571165889194137e-06,6.571165861562191e-06,6.57116584803671e-06,0.09723678778478505,0.010816256982481967,6.571165880982712e-06,0.012557865930773031,0.002608026199169912,6.571165856725391e-06,0.0028153066025276324,6.571165852508805e-06,0.010180385841796634
Azerbaijan_2009,2.294630623420479e-05,0.024478286857516813,2.2946306206587013e-05,2.2946306183939216e-05,2.2946306210089542e-05,2.2946306158929457e-05,2.294630564480144e-05,2.294630602507921e-05,2.294630620084189e-05,2.2946306037712008e-05,2.294630620213667e-05,2.2946306323451536e-05,0.0573627643643294,2.294630620069065e-05,0.0062330226696912395,0.8606651277905699,2.2946306199132537e-05,0.05091660372566478,2.294630619745062e-05,2.294630620272734e-05
Bahamas_2002,9.998000585848518e-06,9.99800062663945e-06,9.99800057100127e-06,9.998000588445205e-06,9.998000616611354e-06,9.9980005587359e-06,9.998000399923189e-06,9.998000638930449e-06,0.042732065984834665,9.998000584111811e-06,9.998000743957404e-06,0.012198655772568779,9.99800057838959e-06,9.998000566370442e-06,0.9448993122326032,9.998000561779582e-06,9.99800057881922e-06,9.998000615310787e-06,9.998000589199559e-06,9.99800058928022e-06
Bahrain_2002,3.146633171981486e-05,3.146633176043892e-05,0.10011077297016921,0.6406309029595267,3.146633185584061e-05,3.146633184009806e-05,3.14663310258173e-05,3.1466331655684015e-05,0.07367144822388635,3.1466331628556505e-05,3.146633179067327e-05,0.029868636664804903,0.01189903503011916,0.038922525253435335,3.146633172599112e-05,0.10448761658591009,3.1466331782411244e-05,3.1466331877146004e-05,3.1466331708019206e-05,3.1466331777623766e-05
Bangladesh_2011,1.3157895043422161e-05,1.3157894976679605e-05,1.3157895054221125e-05,0.033057851893347714,0.047696847665619525,1.3157895100456679e-05,1.3157894736848218e-05,1.315789505371555e-05,0.5726382955925836,1.3157895040794697e-05,0.2561662722713324,1.3157895060338634e-05,1.3157895053045196e-05,1.315789505149753e-05,0.0009491878250000228,0.0425117211859028,0.03811296939660218,0.001994937483054686,1.3157895025970016e-05,0.00672717984136001
Barbados_2007,1.0066438736970997e-05,1.0066438679303296e-05,1.0066438707917206e-05,1.0066438741445714e-05,1.0066438752482333e-05,1.0066438688474354e-05,1.0066438494064541e-05,1.0066438698069135e-05,1.006643874659505e-05,1.0066438694611782e-05,1.0066438854208651e-05,1.0066438710000751e-05,1.0066438668654486e-05,1.0066438725610474e-05,0.9998087376645348,1.0066438700305546e-05,1.0066438679515346e-05,1.0066438767847662e-05,1.006643871641908e-05,1.0066438702668024e-05
Belarus_2004,2.2401434297014683e-05,2.2401434336729476e-05,0.06802157634051213,0.05338596051091949,2.2401434240376263e-05,2.240143428851842e-05,2.2401433691766572e-05,2.2401434252108015e-05,2.2401434241942322e-05,2.2401434160077777e-05,2.2401434240437094e-05,2.2401434193744667e-05,2.24014342050244e-05,2.2401434263117522e-05,2.240143410527523e-05,0.8409942062608341,2.240143421037658e-05,2.2401434220755555e-05,2.2401434202965776e-05,0.03723983394058384
Belgium_2012,2.0416497076865325e-05,0.2327234148386103,2.0416497039198766e-05,0.2117003707128004,2.0416496947916407e-05,2.0416497028624864e-05,2.041649652920544e-05,2.0416496938965047e-05,0.025283265033636107,2.0416496954774338e-05,0.023076896797143066,0.25954272972459624,0.07758515401059735,2.041649704091726e-05,2.04164969983601e-05,0.0474986658943978,2.0416497018231783e-05,2.0416496912574025e-05,0.08731079385685936,0.03505412766487381
Belize_2001,9.157509374549561e-06,9.157509379469747e-06,9.157509400038627e-06,0.0038618923836423184,0.031816236134989975,9.157509360421541e-06,9.157509157513191e-06,9.157509357303535e-06,0.02380420843389396,9.1575093496646e-06,9.157509368225324e-06,9.157509359063024e-06,9.157509380901682e-06,9.157509401579443e-06,0.9294500223154167,9.157509381423435e-06,0.010930278091609505,9.15750939002523e-06,9.157509391057786e-06,9.157509396018684e-06
Benin_1990,3.0120482716822494e-05,3.0120482630901345e-05,3.0120482644879964e-05,0.180806198977876,3.0120482721154e-05,3.012048270470476e-05,3.012048192772548e-05,3.012048279591732e-05,0.020783658521364743,3.0120482554623484e-05,3.0120482800092077e-05,0.022010252639041553,0.6938387245459913,0.05410984810672924,3.012048276306077e-05,0.028029630452159546,3.0120482696039436e-05,3.012048264740262e-05,3.0120482639432173e-05,3.0120482595005814e-05
Bhutan_2008,2.5406504636114492e-05,2.54065045371099e-05,0.23113327626313157,2.5406504704551227e-05,0.26730723981668586,2.5519920519778062e-05,2.540650406505333e-05,0.018473063210207624,0.06607167128955027,2.5406504685642463e-05,2.540650460861001e-05,2.540650466483092e-05,0.007505015292578165,0.09258348339926409,0.10153160974763682,0.08009783940456551,0.13398536830566407,2.540650466538907e-05,0.0010572548089278614,2.5406504701081966e-05
Bolivia_2009,5.7058086448053285e-06,5.705808648341064e-06,5.705808652406379e-06,5.705808634949811e-06,5.705808631816954e-06,5.7058086573058696e-06,5.705808513068483e-06,5.705808621604077e-06,5.705808651787263e-06,5.70580861723093e-06,5.705808661724601e-06,5.705808653929984e-06,5.7058086523260595e-06,0.999891589635916,5.705808623007621e-06,5.705808648076422e-06,5.705808655868373e-06,5.705808646892562e-06,5.7058086299545286e-06,5.705808639086461e-06
Bosnia_Herzegovina_2009,8.333333530566618e-05,0.048843964697265284,0.17678528697304327,0.10508873082211194,0.10153809618904776,8.333333516502683e-05,8.333333333336977e-05,8.333333562902748e-05,8.33333354130361e-05,8.333333507283932e-05,8.333333483100354e-05,8.333333571249522e-05,0.02536576095727694,8.333333580006006e-05,8.333333516229697e-05,0.3195632988768298,0.22173152812633506,8.333333619973798e-05,8.33333352758027e-05,8.333333518956477e-05
Botswana_2002,1.1258725716599014e-05,1.125872577838646e-05,1.1258725726230924e-05,1.1258725741485574e-05,0.024182545061830832,1.1258725862065234e-05,1.1258725512276019e-05,1.1258725791913648e-05,1.1258725786776099e-05,1.1258725732643958e-05,1.125872574865302e-05,1.1258725755751426e-05,1.125872573692102e-05,1.1258725728240894e-05,0.9756147978747551,1.1258725775110664e-05,1.1258725730449361e-05,1.125872585838805e-05,1.125872572580817e-05,1.1258725706480035e-05
Brazil_2014,0.9608413427596614,3.843197634451378e-06,3.843197628970632e-06,3.843197632915585e-06,3.843197633921741e-06,3.843197625606462e-06,3.843197540355175e-06,3.843197633963511e-06,3.843197633706831e-06,3.843197618353891e-06,0.010382483505798071,3.843197628684311e-06,3.8431976358824354e-06,0.01830244438620977,0.010412238186325041,3.843197634797492e-06,3.8431976318919285e-06,3.8431976388448485e-06,3.843197630581746e-06,3.843197622624842e-06
Brunei_1984,3.028467653671214e-05,3.0284676763199124e-05,3.0284676860099978e-05,3.0284676695291558e-05,0.0455781836870212,3.0284676740525895e-05,3.028467595398187e-05,0.015073015612690326,0.5106265538984759,3.028467663872972e-05,3.0284676574401037e-05,3.0284676754472466e-05,3.0284676884948262e-05,3.028467653720928e-05,0.4282376919756008,3.0284676550937604e-05,3.0284676699089972e-05,3.0284676750766426e-05,3.028467680671944e-05,3.0284676464621474e-05
Bulgaria_2007,2.5641026226466806e-05,0.01938012785702774,0.018402657716405483,0.09474109461475838,2.564102630807116e-05,2.564102629891535e-05,2.5641025641037258e-05,2.5641026246832497e-05,2.5641026295433073e-05,2.564102621047474e-05,2.5641026314390138e-05,0.03481485999347979,0.005246419693631043,0.09959833213339679,2.564102631273248e-05,0.711150449953863,2.5641026286693038e-05,2.5641026300514146e-05,2.564102629674926e-05,0.016358365722699508
Burkina_Faso_2012,3.2051282843185405e-05,3.20512828405609e-05,3.2051282671369854e-05,3.205128280952392e-05,3.205128275597223e-05,3.2051282571478174e-05,3.205128205129229e-05,3.205128267853316e-05,3.205128267928886e-05,3.205128258824729e-05,3.205128251695624e-05,3.205128270079732e-05,0.9894626277476912,3.20512827683851e-05,3.2051282584855386e-05,3.2051282725344745e-05,3.2051282733132074e-05,0.009960449164367714,3.205128272225811e-05,3.205128269979922e-05
Burundi_2005,1.864280429469839e-05,1.8642804276131665e-05,1.8642804359824883e-05,0.0004156574632334964,1.864280432470197e-05,1.8642804377695865e-05,1.8642803877712273e-05,1.8642804315533157e-05,1.8642804246078295e-05,1.8642804183441002e-05,1.8642804346140374e-05,1.864280430424898e-05,0.8544204239698453,0.04310549271578616,1.8642804299703396e-05,0.027792143264465975,0.03483389215731183,0.014266123661380766,0.024923910312525187,1.8642804245349732e-05
Cambodia_1999,3.888024968750084e-05,0.024940619390481176,0.01828204537639815,0.25220492800209554,3.888024971989379e-05,0.07808450007632704,3.888024883361066e-05,3.888024989030941e-05,3.888024980805426e-05,3.888024960680118e-05,3.888024994005657e-05,3.8880249833353794e-05,0.10578305804974504,0.12271450393300463,3.8880249570986e-05,0.3151442771031713,0.08237950507290727,3.888024970565326e-05,3.888024973550095e-05,3.8880249538274376e-05
Cameroon_2008,4.091653122993803e-05,4.0916531252115676e-05,0.048727091682554534,0.5621067807585561,4.091653123545712e-05,4.091653115487883e-05,4.091653027824975e-05,4.091653100915468e-05,4.0916531245070035e-05,4.091653115922862e-05,0.050055682740712884,4.09165313555659e-05,0.24155810152451446,4.091653137142513e-05,4.091653122034238e-05,4.091653120695287e-05,4.09165312975659e-05,4.0916531058974695e-05,4.091653134631676e-05,0.09693859532624069
Canada_2011,3.207184169752467e-05,0.009260678301951503,3.20718417637776e-05,3.2071841704215514e-05,0.006152366203925096,3.2071841678617324e-05,3.207184092368435e-05,0.13876274261056248,0.31535306152989595,3.207184165997876e-05,3.2071841490890164e-05,3.2071841558737476e-05,0.0153117778780502,0.06316095391247685,0.1346797256752623,3.2071841717444745e-05,3.207184173000566e-05,3.207184173923936e-05,0.3169338317885293,3.207184168225196e-05
Cape_Verde_1992,0.029500758028503864,1.0584250900536706e-05,1.0584250853795446e-05,0.042966462034038075,0.028950850592836964,1.0584250877335937e-05,1.0584250635059496e-05,0.0014953815914245108,1.0584250865333168e-05,1.0584250842627457e-05,1.0584250871415403e-05,1.0584250903584365e-05,0.1792456470971751,0.34873920472555753,1.0584250865153919e-05,0.20531160463130843,1.0584250857411277e-05,1.0584250900749577e-05,1.0584250859534752e-05,0.16366308028892287
Central_African_Republic_2010,3.0284676622905593e-05,3.028467651751508e-05,3.028467662314296e-05,3.0284676676862953e-05,3.0284676730175312e-05,3.0284676605205762e-05,3.0284675953979036e-05,3.028467651461272e-05,3.0284676648307298e-05,3.028467663221138e-05,3.028467657962885e-05,3.028467657394967e-05,0.9495462997493622,0.04990857607193177,3.0284676499920935e-05,3.028467671010882e-05,3.028467664070251e-05,3.0284676693120975e-05,3.0284676615836876e-05,3.0284676867861392e-05
Chad_2005,0.022184412620613825,2.844141128266539e-05,2.8441411296362536e-05,0.010009219931176429,2.8441411233724544e-05,2.844141138595862e-05,2.8441410693981455e-05,2.8441411289427253e-05,2.8441411207681608e-05,2.844141109345705e-05,2.8441411183613936e-05,2.844141128044639e-05,0.9673228634573097,2.8441411417493048e-05,2.844141103657436e-05,2.844141137532868e-05,2.8441411303462047e-05,2.844141133687002e-05,2.8441411222028232e-05,2.8441411260882717e-05
Chile_2012,9.784736064505557e-06,0.5501859499821502,9.784736028638883e-06,9.784736052397407e-06,9.784736064740795e-06,9.784736032563438e-06,9.784735812137404e-06,9.784736023174149e-06,9.784736016051201e-06,9.784735993939034e-06,9.784736049052057e-06,9.784736059695902e-06,0.1203784243193947,0.2728614953718701,9.784736023781454e-06,0.0020752763650410695,9.78473604028368e-06,0.054352082921176645,9.784736040153261e-06,9.784736065947439e-06
China_2004,2.257336388510418e-05,2.257336392813019e-05,2.257336400374469e-05,2.2573363957543935e-05,2.2573363909227875e-05,0.6128792422956237,2.2573363431161537e-05,2.2573363830138735e-05,2.2573363949265997e-05,2.257336386248949e-05,2.2573363963648037e-05,2.257336392455631e-05,2.257336399568874e-05,0.16829017632429238,2.257336402898059e-05,0.20058663609383334,2.2573363993536022e-05,0.00781077738655941,2.2573363962727025e-05,0.010094567441064928
Colombia_2005,0.03377592350880526,0.07622082474751392,0.005302589723689406,0.08711691290018428,5.619240417954617e-06,5.619240407711601e-06,5.61924027871665e-06,5.619240401139024e-06,0.003079656593713251,5.619240395433615e-06,0.019786625069223594,0.009128862091358369,0.022033449942998936,0.7268892752338171,5.619240412369817e-06,0.005745880499348195,5.619240400225661e-06,0.010869426525809446,5.619240411738834e-06,5.619240412979215e-06
Comoros_2009,5.0968400897918856e-05,5.096840079651307e-05,5.096840079984279e-05,0.4252553379729474,5.0968400591952815e-05,0.18752882877201082,5.096839959227484e-05,5.096840074820666e-05,5.0968401041281114e-05,5.096840078856186e-05,5.096840096176449e-05,5.096840070444366e-05,0.2537385933835143,0.007147892975437835,5.096840068819575e-05,0.09225387995495635,5.0968400830534946e-05,5.0968400780514906e-05,5.096840082000236e-05,0.033361909331091254
Congo_2001,2.76395806385084e-05,2.7639580420933647e-05,2.763958055650763e-05,2.7639580577198087e-05,2.76395804679991e-05,2.7639580433977555e-05,2.7639579878397325e-05,2.7639580296340298e-05,2.7639580512200156e-05,2.763958042731071e-05,2.7639580496424042e-05,2.7639580537951076e-05,0.9994748479699183,2.7639580577475937e-05,2.7639580573671702e-05,2.763958153348118e-05,2.763958059188048e-05,2.76395806347222e-05,2.7639580422227666e-05,2.7639580504293653e-05
Costa_Rica_2011,0.005123894155591837,0.11958962534390516,1.86567168825515e-05,1.8656716901483377e-05,1.86567168900362e-05,1.8656716812628638e-05,1.8656716417919223e-05,1.8656716733191036e-05,1.865671691726986e-05,1.8656716722165435e-05,1.865671682334305e-05,1.865671686290641e-05,0.1392312738530967,0.5011772352043387,1.865671682028784e-05,1.8656716803830344e-05,1.8656716840758535e-05,0.23459812069095687,1.8656716901025342e-05,1.8656716781069705e-05
Cote_DIvoire_2009,4.198152911397852e-05,4.198152905771626e-05,4.1981528900951305e-05,4.1981529021769686e-05,4.198152888968629e-05,4.198152869736223e-05,4.19815281276386e-05,4.1981528904233856e-05,4.198152894775956e-05,4.1981528835897054e-05,0.01086053555494007,4.1981528932285635e-05,0.9883837969241791,4.198152896579123e-05,4.198152942995668e-05,4.1981528953413605e-05,4.1981528838838704e-05,4.198152927773996e-05,4.198152900257231e-05,4.198152898280124e-05
Croatia_2001,2.6178011087703664e-05,2.6178010961393467e-05,0.03267874445058876,0.014181703611880495,2.617801102147976e-05,2.6178011176371368e-05,2.617801047121493e-05,2.6178011076803936e-05,2.617801101177243e-05,2.617801100197861e-05,2.617801101327583e-05,0.02194493021545945,0.015737062038354264,0.03714911585411471,0.023661816457715288,0.80132811405551,2.6178011073134355e-05,2.6178011047639887e-05,2.6178010992913362e-05,0.053004377184441356
Cuba_2002,2.0056157690640374e-05,2.0056157688962815e-05,2.005615768998369e-05,2.0056157719929743e-05,2.0056157679663853e-05,0.10415558229060674,2.0056157240281487e-05,2.005615767465125e-05,2.005615766819636e-05,2.005615756931075e-05,2.0056157596560082e-05,2.0056157584911668e-05,0.03545048783302501,0.6161968541847842,2.005615762360844e-05,0.20397880026961848,2.005615773575214e-05,0.03991743305735458,2.0056157711070893e-05,2.005615773729974e-05
Cyprus_2013,1.0477787346548563e-05,0.09093135412405728,1.047778732871097e-05,0.002620600594290239,0.015010461799967055,1.0477787310210903e-05,1.0477787091370904e-05,1.047778735580448e-05,0.37855604651524616,1.0477787352554431e-05,1.0477787342641555e-05,0.25431084172448304,0.026961301544197055,1.0477787317977389e-05,0.07631138035631388,0.08187904565478243,1.0477787342470553e-05,0.07330371202620228,1.047778733238508e-05,1.0477787340137702e-05
Czech_Republic_2002,2.1815009154818678e-05,0.027403989307340847,2.1815009238639026e-05,0.23070029620101032,0.0486509678611912,2.181500920365371e-05,2.181500872601253e-05,2.1815009180399798e-05,2.1815009253791263e-05,2.1815009150231232e-05,2.1815009162208783e-05,0.04112476175757424,0.013173260817675187,2.181500924983239e-05,2.1815009235697365e-05,0.638641313926738,2.1815009230813085e-05,2.181500921848732e-05,2.181500916757089e-05,2.181500929791251e-05
Democratic_Republic_of_the_Congo_2011,0.044309213966994276,0.0064722964301899165,1.5243902813928698e-05,1.5243902780303536e-05,1.524390276399126e-05,1.5243902794629636e-05,1.524390243903189e-05,1.5243902907333587e-05,1.5243902792185237e-05,1.524390270272793e-05,1.5243902819886892e-05,1.5243902768156494e-05,0.7539899262301453,0.14316363185998246,1.524390275653255e-05,1.5243902808692531e-05,1.5243902835539044e-05,1.5243902835731661e-05,0.05183627297108918,1.5243902780169312e-05
Denmark_1953,6.613756759284995e-05,6.61375679330794e-05,6.613756786277383e-05,0.15437065846893702,6.613756777342888e-05,6.613756770865338e-05,6.613756613759365e-05,0.07748304572152438,0.13222197351271373,6.613756778428075e-05,6.61375673621306e-05,0.2085280123910098,6.613756766654361e-05,6.613756744051869e-05,0.15108922974687017,0.09890763436974305,6.613756779010087e-05,0.1765396574106263,6.613756766646705e-05,6.613756785726272e-05
Djibouti_2010,4.897159753621291e-05,4.897159771766368e-05,4.897159750593804e-05,4.89715976721356e-05,4.8971597719417495e-05,4.897159738254507e-05,4.897159647406125e-05,4.897159737034219e-05,4.897159767709532e-05,4.8971597258759305e-05,4.897159797674024e-05,4.897159757748507e-05,0.9990695396468686,4.897159762289911e-05,4.897159782634571e-05,4.8971597669587435e-05,4.897159735888099e-05,4.897159769711728e-05,4.89715974295497e-05,4.897159765861554e-05
Dominica_1984,9.405568227005842e-06,9.405568237234522e-06,9.405568275266973e-06,9.405568257268303e-06,9.405568305994905e-06,9.405568244188277e-06,9.405568096315674e-06,9.405568314430698e-06,9.405568294020848e-06,9.40556827048959e-06,9.405568266482717e-06,9.405568299072152e-06,9.405568235762677e-06,9.405568233773178e-06,0.9998212942030804,9.40556825338047e-06,9.405568268396912e-06,9.405568245986026e-06,9.405568328209603e-06,9.405568266152425e-06
Dominican_Republic_2010,9.377344539635193e-06,0.045342804148593804,9.377344555287629e-06,9.377344556230298e-06,9.377344523035824e-06,9.377344532974792e-06,9.377344336088228e-06,9.377344580923865e-06,9.377344543976163e-06,9.377344519391e-06,9.3773445201314e-06,9.377344590344757e-06,0.13625535148846338,0.7162915026630613,9.377344525684208e-06,9.377344562190236e-06,9.377344531618824e-06,0.10196030418737533,9.377344551247381e-06,9.377344537315485e-06
East_Timor_2002,0.021620716397470183,1.9992003615606144e-05,1.999200368630935e-05,0.13683253646205873,0.009228942769969746,1.9992003680462698e-05,1.9992003198731374e-05,1.9992003700056708e-05,1.9992003850731475e-05,1.999200387592675e-05,1.9992003782042063e-05,1.999200365187377e-05,0.16185906577257642,0.2783209995731062,1.9992003961739686e-05,0.27786517984691955,1.9992003711820145e-05,0.015918035183529026,1.9992003721625084e-05,0.09811461994993327
Ecuador_2008,4.146968666607313e-06,4.1469686464195755e-06,0.05084753485103913,0.0005301240733726572,4.146968664428707e-06,4.146968658726938e-06,4.146968565980075e-06,4.146968668591986e-06,4.146968667255296e-06,4.146968642926209e-06,4.146968667144418e-06,4.146968674431378e-06,4.146968659019292e-06,0.9280486400080418,4.1469686585629126e-06,0.01493489059701016,0.00317187732324354,4.146968644423352e-06,4.146968667826174e-06,0.002408875586140626
Egypt_2014,0.03335794315734592,1.3227513454268837e-05,0.05335060322604677,0.3392528075964559,1.3227513555638073e-05,1.3227513532994822e-05,1.3227513227519708e-05,1.3227513491380124e-05,1.3227513569197759e-05,1.322751345594087e-05,1.3227513573941431e-05,0.009479870657186544,0.00047042131162117884,0.28856925558910673,1.3227513510152026e-05,0.23250725577534578,0.042853112524875205,1.3227513535156716e-05,1.3227513556108645e-05,1.3227513553584423e-05
El_Salvador_2003,1.260716117306989e-05,0.017242524610890833,1.2607161166191237e-05,0.007842411259181128,1.260716118762246e-05,1.2607161157957693e-05,1.2607160867377981e-05,1.2607161184936639e-05,1.2607161183853562e-05,1.2607161128294648e-05,1.2607161231775223e-05,1.2607161171893588e-05,1.2607161199520529e-05,0.36343528359925587,1.2607161147091027e-05,0.0034691248320218087,1.2607161156815962e-05,0.6078215482813987,1.2607161148309144e-05,1.2607161146884583e-05
Equatorial_Guinea_1995,5.324813750006391e-05,5.324813739623601e-05,5.3248137606911254e-05,0.30432110219033165,5.3248137458003844e-05,5.324813758675701e-05,5.324813631525078e-05,5.324813737226057e-05,5.3248137338306284e-05,5.324813724471465e-05,5.324813770589327e-05,5.324813728649109e-05,0.2103909352475507,0.38214957304240565,5.324813753764675e-05,0.058586625374929736,5.324813761160243e-05,5.3248137619967135e-05,5.324813766677147e-05,0.043753042083535185
Eritrea_1997,4.6339203865960895e-05,4.633920373417967e-05,0.10037854311538012,0.09896259514849083,0.24938767596137118,0.07283885766506956,4.633920296573056e-05,4.633920425200456e-05,4.6339203919594655e-05,4.633920390548813e-05,4.6339204176540026e-05,4.633920386245452e-05,4.633920415759266e-05,0.15684848969353038,4.633920406595869e-05,0.20773378083631705,0.11324764792904388,4.633920387472361e-05,4.6339204044451336e-05,4.633920397227164e-05
Estonia_2003,2.870264128001394e-05,2.8702641283506733e-05,0.13667391773160906,0.07331022264472858,0.06508702094322062,2.8702641262477652e-05,2.870264064295051e-05,2.8702641435711167e-05,2.8702641267388014e-05,2.870264119892137e-05,2.8702641193729297e-05,0.040431102785968155,2.8702641218913233e-05,2.8702641240379664e-05,0.005539650279555384,0.6785562486378358,2.8702641239413064e-05,2.87026412920468e-05,2.8702641293952024e-05,2.8702641232947478e-05
Ethiopia_1994,2.156101827203763e-05,2.156101822806123e-05,0.4258605860056662,0.07224844622473586,0.005912364195177151,2.1561018248926264e-05,2.1561017680044124e-05,0.0150321488640552,2.1561018188878794e-05,2.1561018158766102e-05,0.05272429297820031,2.15610182026762e-05,2.1561018196530792e-05,0.14331832487706286,2.1561018154133967e-05,0.1760175342277639,0.0989373489942231,0.009711782433468154,2.15610181476431e-05,2.1561018169545355e-05
Fiji_2013,7.361602082136257e-06,7.3616020600191466e-06,7.361602055238532e-06,7.361602053249756e-06,0.7814718351355082,7.361602023425104e-06,7.361601884572958e-06,7.361602035366302e-06,7.361602077984421e-06,7.361602012826318e-06,7.361602031066359e-06,7.361602051496666e-06,7.361602055524547e-06,7.361602073676224e-06,0.21839565602775393,7.36160204944236e-06,7.361602039704013e-06,7.361602048890539e-06,7.361602056462784e-06,7.3616020468397366e-06
Finland_2011,0.014546161787487234,2.4642681674187528e-05,0.022298489397796988,0.0898695848872281,0.027757447436412085,2.4642681677456882e-05,2.4642681123716197e-05,2.464268163014287e-05,2.4642681677552922e-05,2.4642681630571765e-05,2.4642681636030333e-05,0.5207493679938462,2.4642681664691414e-05,0.032505886815973745,0.010377361515412095,0.2645358732798125,2.4642681747519185e-05,2.4642681634657313e-05,2.464268172190886e-05,0.017088757388212673
France_2008,2.072968539772463e-05,2.0729685421566497e-05,2.0729685405163263e-05,0.6714356052983405,0.014788206890789909,2.0729685297004894e-05,2.0729684908797423e-05,2.072968533839088e-05,2.0729685398639426e-05,2.0729685386183766e-05,0.07801193021926757,0.08411804712499915,0.11895856634053387,2.0729685433452744e-05,0.01861973741292602,0.0012712362648951696,2.0729685366499973e-05,2.0729685320556927e-05,2.072968541150204e-05,0.01254791422416233
Gabon_1997,0.0313339000470162,2.6723677818428465e-05,2.672367783618604e-05,0.043040036535849764,2.6723677831751484e-05,2.6723677860091136e-05,2.672367717799163e-05,2.672367807967705e-05,2.6723677919270634e-05,2.672367776486034e-05,0.009934275439880295,2.6723677886411695e-05,0.8633694432944193,0.029781243781799343,2.6723677797220607e-05,0.022166969411803458,2.6723677816086602e-05,2.672367779393854e-05,2.6723677760242228e-05,2.6723677889334718e-05
Gambia_2004,8.214227233332224e-06,8.214227230933166e-06,0.08575338359509703,8.21422725291691e-06,0.1717270332751571,8.21422726312998e-06,8.214227041239284e-06,8.214227252301073e-06,0.026355193581069178,8.214227220222407e-06,0.14864762351200017,0.040470687796572244,0.0008095923668460347,0.009414714701804168,0.4349108533265847,0.02614861365458764,0.024215664805260925,8.214227231855688e-06,0.027751146829453018,0.003729778737841886
Georgia_2004,2.1795990017978808e-05,2.179599009367023e-05,2.1795990053304273e-05,2.179599006064902e-05,0.0062572277723027215,2.1795990040201602e-05,2.179598953793368e-05,2.1795990123706443e-05,2.179599008985689e-05,2.1795989974620828e-05,2.1795989984589776e-05,0.04109678358383048,2.179599007153838e-05,2.17959899777464e-05,2.179599007830341e-05,0.805441149430738,2.179599005641634e-05,0.09606357539175756,2.179598999184669e-05,0.050814323971219086
German_Federal_Republic_2012,0.10101220875994095,0.25812536583848406,0.4204367608019984,1.017294022891822e-05,1.017294021952802e-05,1.0172940202581746e-05,1.0172939979658497e-05,1.017294021804044e-05,0.03797054323462028,1.0172940153837306e-05,1.0172940226780812e-05,0.11032746955874556,1.0172940182866238e-05,1.017294021713698e-05,1.0172940202703227e-05,0.048769097054888036,1.0172940224071256e-05,1.0172940192283733e-05,1.0172940209414564e-05,0.02322630652886486
Ghana_1996,6.285355275694571e-06,6.2853552525297495e-06,0.03744157676093912,0.0024072142275725125,0.07151428160925723,6.285355277113991e-06,6.2853551225673635e-06,6.285355277982229e-06,0.050260462833880956,6.285355245292334e-06,0.7426769785029299,6.285355278887263e-06,6.285355280553613e-06,0.011488788742873842,0.06705713341934386,0.017078139640093675,6.285355282281291e-06,6.285355278287894e-06,6.285355269093277e-06,6.285355268606383e-06
Greece_2008,0.22315216461803514,0.040074395109905306,1.0633773123796751e-05,0.32405286565693875,1.0633773098395942e-05,1.0633773129561422e-05,1.063377286261639e-05,0.0015810675049769498,0.02394466329959068,1.0633773079565541e-05,0.09466067834063707,0.14100570860365705,0.041396445476843326,0.03381483161742675,0.021092499766958032,0.05512897604724259,1.0633773117458432e-05,1.063377314278628e-05,1.0633773106982754e-05,1.0633773127445144e-05
Grenada_1992,1.0528532464772435e-05,1.0528532476996469e-05,1.0528532492835763e-05,1.0528532498063606e-05,1.0528532520545284e-05,1.0528532495270224e-05,1.0528532322596998e-05,1.0528532518392787e-05,1.0528532528408933e-05,1.0528532492000868e-05,1.0528532506067847e-05,1.0528532503651123e-05,1.0528532471467722e-05,1.0528532479529392e-05,0.999799957882713,1.05285325219564e-05,1.052853248821949e-05,1.0528532481987485e-05,1.0528532517197728e-05,1.052853250682383e-05
Guatemala_1993,1.0082678215599132e-05,0.04674586760728751,1.0082678180217636e-05,1.0082678194388202e-05,1.0082678214750092e-05,1.0082678179131367e-05,1.008267795927049e-05,1.0082678164385868e-05,0.009344471260239408,1.0082678142583613e-05,1.008267817072962e-05,1.0082678194824563e-05,0.03792043227107442,0.6891669121115973,0.0037366161279095015,0.009598940760074566,1.0082678231327975e-05,0.2033556850456069,1.0082678176563766e-05,1.0082678186565961e-05
Guinea_2010,2.6260504805520995e-05,2.6260504730175805e-05,2.626050475271899e-05,2.6260504730617083e-05,2.6260504790476687e-05,2.626050460262804e-05,2.6260504201690235e-05,2.626050459667581e-05,2.6260504798033333e-05,2.6260504592006043e-05,2.626050484617016e-05,2.6260504713032838e-05,0.9995010504104062,2.6260504779961414e-05,2.6260504723876293e-05,2.6260504842419892e-05,2.6260504836464868e-05,2.6260504858714688e-05,2.6260504747549434e-05,2.6260504645069672e-05
Guinea_Bissau_1991,3.958828266304561e-05,3.958828259522983e-05,3.95882827066278e-05,3.9588282836599825e-05,3.9588282675494524e-05,0.09346416009368323,3.95882818685836e-05,3.958828293146069e-05,3.9588282551016744e-05,3.958828246311543e-05,3.9588282534633135e-05,3.958828271141867e-05,0.08839160040211617,0.4774036818852474,3.958828244414602e-05,0.2695479378589233,3.958828283243317e-05,3.958828270069314e-05,0.007413619296493166,0.06322476450702227
Guyana_1995,7.957982019897303e-06,7.95798202187723e-06,7.957982043878236e-06,7.957982036576656e-06,0.05416156462516112,0.014080793940233968,7.957981855804824e-06,7.957982042287312e-06,0.08291597725469729,7.957982009617537e-06,0.29857507452367116,0.0028872234115569426,7.957982029574231e-06,7.957982067943176e-06,0.5472679544963406,7.957982055165324e-06,7.957982048544078e-06,7.957982018167854e-06,7.957982026974792e-06,7.957982062706284e-06
Haiti_2012,0.04903921393043275,1.8221574768747473e-05,0.014153408021101757,0.16055906226837757,0.03990905272929327,1.8221574810404174e-05,1.822157434403176e-05,0.025763181175801817,0.029450296059467716,1.8221574686404923e-05,1.8221574774117404e-05,1.8221574795020914e-05,0.2824403204835407,0.22541457806912904,0.010343129032227685,0.10049169799283553,0.004246685037374714,0.0580436026027185,1.8221574777595498e-05,1.8221574742654003e-05
Honduras_2012,0.04348377389302239,0.027621647097371572,1.0820169066299851e-05,0.026603048009323574,1.0820169061480847e-05,1.082016906060361e-05,1.0820168794638351e-05,0.010678441846230397,0.013942598062162494,1.0820169018946454e-05,1.0820169059341413e-05,1.0820169069335058e-05,0.013638366991771657,0.61835069598069,1.0820169089174121e-05,0.04812957664356672,1.0820169049921042e-05,0.197432829616547,1.0820169033579597e-05,1.0820169010730861e-05
Hungary_2011,0.007946948008429086,1.7599437225500212e-05,0.17738322806454257,0.056620890535290784,0.024915956852287903,0.004689039236333642,1.7599436818029914e-05,1.7599437208380385e-05,1.759943724571253e-05,1.7599437219972746e-05,1.759943719584092e-05,0.05252109858454465,0.0043541987183938246,0.03637296845800969,1.7599437208779836e-05,0.5000224252422246,1.759943724588347e-05,0.003582441694963295,0.04496018192630882,0.08648982718130298
Iceland_1999,7.680491759789587e-05,7.680491773619478e-05,7.680491752195366e-05,0.26759944787564427,0.097304679299745,7.680491716348735e-05,7.680491551462497e-05,0.022218050631116332,7.680491748668369e-05,7.680491699333847e-05,7.680491715765564e-05,0.29626609842130647,7.680491720719792e-05,7.680491707480511e-05,7.680491738558512e-05,0.23021615590443273,7.680491721798271e-05,0.08532029902758777,7.680491723140305e-05,7.680491687877668e-05
India_2012,3.558718941331192e-06,3.558718952711811e-06,3.5587189413634656e-06,3.5587189375079304e-06,3.558718932237696e-06,3.558718940173986e-06,3.5587188612112187e-06,3.5587189418410037e-06,0.8479366253088851,3.5587189308235754e-06,0.14551181292090398,3.5587189373392675e-06,3.5587189298433664e-06,3.5587189418129034e-06,3.5587189403170224e-06,3.5587189369662613e-06,3.5587189352336427e-06,3.558718933326391e-06,3.558718940573693e-06,0.006491063548336532
Indonesia_2002,5.537098667404268e-05,0.010861051775565242,5.537098694706011e-05,0.32862592088591314,0.023434509379586948,0.10396467013493281,5.5370985603566914e-05,5.53709870114508e-05,5.537098668430673e-05,5.537098691589457e-05,5.537098701436635e-05,5.5370986651721e-05,5.537098700026242e-05,0.06892406942025044,5.537098667004271e-05,0.27114499822802957,0.07407330070608857,5.537098683428676e-05,0.047494928319921206,0.07086747029570507
Iran_1989,1.8362101070388168e-05,1.836210098675106e-05,0.08977399843280956,0.21150006269607172,1.836210105927318e-05,0.05488088218897771,1.836210062432097e-05,0.006543254132124711,1.8362101078094636e-05,1.8362101006579993e-05,1.836210112761523e-05,0.038615588141090985,1.8362101093377533e-05,0.268445564346548,1.836210108094731e-05,0.15748378981989516,0.15438720299646336,1.8362100986720354e-05,1.836210110019761e-05,0.018167674134804346
Iraq_2005,2.821670489829514e-05,0.07359550035919837,0.11773388501905876,0.29286663445974775,2.8216704942183524e-05,2.8216705035800282e-05,2.821670428895185e-05,2.8216705102925065e-05,2.8216704917016488e-05,2.821670481329502e-05,0.0359312360242451,2.82167048760441e-05,2.821670495290786e-05,0.1762995487106604,2.8216704795267357e-05,0.18918677841605763,0.0618078250550707,2.8216704882103328e-05,2.8216704947086564e-05,0.052239991497509464
Ireland_2012,2.406159817945214e-05,2.40615981688503e-05,2.4061598264389088e-05,2.4061598247587285e-05,2.4061598293159538e-05,2.4061598184546315e-05,2.4061597690093377e-05,2.4061598327830273e-05,0.07895985409104633,0.8025016687699575,0.001892913965204884,2.406159824631475e-05,2.4061598173024492e-05,2.4061598195436103e-05,0.11626057760261738,2.4061598221922027e-05,2.406159823340962e-05,2.4061598181974103e-05,2.40615983091355e-05,2.4061598257077167e-05
Israel_2013,2.0383204687083463e-05,2.0383204719168102e-05,2.0383204674563018e-05,0.18680087254940286,0.4417148340222357,2.038320468948346e-05,2.0383204239714762e-05,2.0383204764404903e-05,2.0383204701891947e-05,2.038320472381597e-05,2.038320459304474e-05,0.04217262954611105,2.0383204709733934e-05,2.0383204674562524e-05,0.21910973596193078,0.099117144626084,2.0383204732929867e-05,0.010799418429034337,2.038320467964366e-05,2.0383204611049835e-05
Italy_2012,0.08300019855281861,0.053096060359198324,2.441406311881079e-05,0.21460341980270692,2.4414063106705466e-05,2.4414063077275144e-05,2.4414062500011728e-05,2.441406304461688e-05,2.4414063093787695e-05,2.4414062994914817e-05,2.4414063035262452e-05,0.0311705071429192,0.008229780707825981,0.1016372213555981,2.441406308981872e-05,0.25841062425263905,2.441406302395019e-05,0.010872507026924822,0.09050452076613627,0.14823101940314753
Jamaica_1994,9.71628468840427e-06,9.716284696010212e-06,9.716284698897957e-06,9.716284699392782e-06,9.716284752410289e-06,9.71628467100353e-06,9.716284492813208e-06,9.716284712255301e-06,9.716284723837047e-06,9.716284688840313e-06,9.7162847883487e-06,9.716284695592616e-06,9.716284690874134e-06,9.71628467012517e-06,0.9998153905908898,9.716284666060785e-06,9.71628466173672e-06,9.716284697109435e-06,9.71628469956209e-06,9.71628471689446e-06
Japan_1946,6.973500866652379e-05,0.04231108661982205,0.011128271622442308,0.19607456819272875,0.22574188005394608,6.973500868128355e-05,6.973500697353734e-05,0.07334611251245407,6.973500892207865e-05,6.973500839926687e-05,6.973500891287248e-05,0.021369808189931543,0.06342496652435582,0.10602863055184723,0.037086436620850205,0.2227908890266831,6.973500864819721e-05,6.973500868338465e-05,6.973500875507384e-05,6.97350082967289e-05
Jordan_2011,3.77643513996331e-05,3.776435149208258e-05,3.776435135494007e-05,0.6856959086300493,0.026383880282155405,3.7764351257574384e-05,3.776435045319107e-05,3.7764351438090976e-05,0.1338008775511618,3.7764351179414365e-05,3.7764351238312184e-05,0.018253088396345946,3.7764351549276194e-05,0.04239399324671854,0.02357205118324506,0.05437135014837171,3.776435133280251e-05,0.015075678346561353,3.7764351325102846e-05,3.776435137079843e-05
Kazakhstan_1998,0.022764781899536308,0.01113969609090366,2.1758050990980156e-05,2.1758051006945196e-05,2.175805098949682e-05,2.1758050989799802e-05,2.1758050478685357e-05,2.175805097511196e-05,2.1758050985735755e-05,2.17580509324611e-05,0.01430227759774134,2.1758050992221307e-05,2.175805098214668e-05,2.1758051049227285e-05,2.1758050898636238e-05,0.951445115596587,2.1758050971594693e-05,2.1758051079362664e-05,2.1758050939852418e-05,2.1758050969707222e-05
Kenya_2010,6.063546115275579e-06,6.063546101003943e-06,0.3678630194166834,6.063546103655006e-06,0.10770411617156692,6.063546101726118e-06,6.0635459616811574e-06,6.063546098756914e-06,0.01991262329249031,6.063546084348648e-06,0.19299342878927692,6.063546109001638e-06,6.063546102706661e-06,0.004035622132956587,0.01764602174334428,6.063546107519463e-06,6.063546105928307e-06,6.0635461456091146e-06,0.2897663423544407,6.063546103719876e-06
Kiribati_1995,1.3358269041319432e-05,1.3358269058488022e-05,1.3358269097764069e-05,1.335826906643193e-05,0.004633648472329144,1.3358269089758974e-05,1.3358268768372622e-05,1.3358269035992872e-05,0.07142698390371921,1.3358269067673e-05,1.3358269073778561e-05,1.3358269081962805e-05,1.3358269020247246e-05,1.3358269063176244e-05,0.9237122770501873,1.3358269049675852e-05,1.3358269033196367e-05,1.3358269089389073e-05,1.3358269080562422e-05,1.3358269046500724e-05
Kosovo_2008,1.6233766633945334e-05,1.6233766631731105e-05,0.049779084285072286,0.034477479563884514,0.03262795173256879,1.6233766582216483e-05,1.6233766233773078e-05,1.6233766656780895e-05,1.6233766601364614e-05,1.6233766566094498e-05,1.6233766690545796e-05,0.01651606616230405,0.0024324851948412823,0.12106382692278117,1.623376660308536e-05,0.6509661254041198,1.6233766621366467e-05,1.623376657050676e-05,0.09194217553541109,1.6233766625726766e-05
Kuwait_1992,0.014533386656811195,4.208754285820478e-05,0.002301237797364438,0.6502885341858131,0.02902177753194202,4.208754301986297e-05,4.20875420875652e-05,4.208754290290348e-05,0.08735688255925694,4.2087543094074777e-05,4.20875430183592e-05,4.208754316479316e-05,0.013868132213455389,0.0977650360880834,4.2087543150296195e-05,0.07980459262204316,4.2087543133943974e-05,0.024597457372632258,4.2087543001713274e-05,4.208754316642478e-05
Kyrgyz_Republic_2010,0.010923690647164952,1.9462826435785296e-05,1.9462826478022218e-05,1.9462826493419593e-05,1.946282651163916e-05,1.9462826439306473e-05,1.9462826002343493e-05,1.946282639383783e-05,1.9462826476037955e-05,1.9462826410246358e-05,1.9462826562878385e-05,1.946282652809262e-05,1.9462826507170414e-05,1.946282649153072e-05,1.9462826630290363e-05,0.9676161590781688,1.9462826508429762e-05,1.946282643971222e-05,1.9462826512454385e-05,0.021129282224845076
Laos_2003,4.284490226682774e-05,4.2844902063929574e-05,0.042716811236070594,4.2844902523006774e-05,4.284490238486533e-05,0.2542277663443532,4.284490145674611e-05,4.2844902544313976e-05,4.28449022684364e-05,4.2844902331675956e-05,4.284490230867866e-05,4.284490230578879e-05,4.284490227975845e-05,0.19930573494455972,4.284490215832909e-05,0.3153282497203826,0.05648667112685433,4.284490259840177e-05,0.03857372267451659,0.0928040602237723
Latvia_2007,7.396449876679547e-05,7.396449888508733e-05,7.396449878384051e-05,0.28793081112969676,0.11689335741830745,7.396449861681618e-05,7.396449704145098e-05,7.396449877868388e-05,7.396449882304743e-05,7.396449843246746e-05,7.396449862043303e-05,7.396449887170238e-05,7.39644985499377e-05,7.396449857975504e-05,7.396449869923346e-05,0.5808748592597791,7.396449865022651e-05,7.396449920626805e-05,7.396449871531607e-05,0.013117540214195767
Lebanon_2004,5.973715801851796e-05,5.973715812707908e-05,5.973715794313338e-05,0.5661024349181394,5.9737158079676743e-05,5.973715801082083e-05,5.973715651138095e-05,5.9737158400774574e-05,5.973715796713713e-05,5.973715782340803e-05,5.973715756418082e-05,0.05938087462930651,0.19307886188787152,0.024984670668760978,5.973715759551929e-05,0.1555571005287382,5.973715803777411e-05,5.9737157800416743e-05,5.973715764533528e-05,5.973715765820825e-05
Lesotho_1998,8.57191857660291e-06,8.571918566142122e-06,0.008940845788517641,8.571918577849245e-06,0.07126547895175525,8.571918616193414e-06,8.571918395340715e-06,8.571918577139545e-06,8.5719186068264e-06,8.571918592789866e-06,8.571918599811944e-06,8.571918574526889e-06,8.571918594834108e-06,0.025690540644951552,0.888510899367954,8.571918611208467e-06,0.005463656468116671,8.571918584637469e-06,8.571918602430431e-06,8.571918628652735e-06
Liberia_1986,2.5062657279537883e-05,2.5062657178729456e-05,0.08289077906309372,0.06917041462639797,0.4125323202811143,0.02333165173047615,2.5062656641616476e-05,0.06099035239924841,0.05712188191847796,2.5062657171639025e-05,2.5062657251247982e-05,0.022798898383229675,2.506265723689214e-05,0.07519675068890463,0.028096657840221292,0.0976094068737713,2.5062657246730698e-05,0.07003532228055459,2.50626572172398e-05,2.506265728630265e-05
Libya_2011,9.784735989812057e-05,9.784736016081762e-05,0.1727672242521443,0.408272200411592,0.0482480113740364,0.017675894127322764,9.78473581213755e-05,9.784735964045817e-05,9.784736072828641e-05,9.784735988296859e-05,9.784736052606594e-05,9.78473608014107e-05,0.10130218730908233,0.08642423535853533,9.784736006877251e-05,0.14344598136196485,9.784736073064756e-05,0.020690097483245583,9.784736064924017e-05,9.784736086822168e-05
Liechtenstein_2003,3.481894238535943e-05,0.10072490588487878,0.18782110636420368,0.22946140971776685,0.033481272764801985,3.481894228064517e-05,3.4818941504194524e-05,3.4818942290400876e-05,0.08638863645683625,3.481894233544918e-05,3.481894223957036e-05,0.11421463544791545,3.481894242188816e-05,0.0105370627796132,3.481894239466904e-05,0.18325644082344716,3.4818942338509576e-05,0.05373152139559225,3.4818942324263716e-05,3.4818942429635224e-05
Lithuania_2006,2.5879917751293e-05,2.587991774494968e-05,2.5879917828607523e-05,0.04652410471192824,2.587991782947904e-05,2.587991778913446e-05,2.587991718427661e-05,0.00996567582385783,0.055262251735046494,2.5879917814032827e-05,2.5879917769862377e-05,2.587991773945736e-05,2.587991776838917e-05,2.5879917823667742e-05,2.58799177322329e-05,0.8733254745710226,2.5879917822856363e-05,0.014534294392019202,2.5879917752713954e-05,2.5879917774641526e-05
Luxembourg_2009,5.4585154227060085e-05,0.13991163106264173,5.458515418289528e-05,0.19813197092772528,5.458515416203944e-05,5.458515392976843e-05,5.4585152838459025e-05,5.458515401470301e-05,0.05950419757358417,5.458515399726735e-05,5.458515416322664e-05,5.458515398620348e-05,0.507517675556501,5.4585154333969304e-05,5.458515430366191e-05,5.458515407711161e-05,5.458515395371374e-05,0.0941157475693594,5.458515398523356e-05,5.458515403324959e-05
Macedonia_2011,0.008023314113053293,2.4015370277948337e-05,2.4015370449389527e-05,2.401537045976801e-05,2.40153703784056e-05,2.4015370349577963e-05,2.40153698367049e-05,2.4015370313176875e-05,0.0034715521008846016,2.4015370350101084e-05,2.4015370538888526e-05,0.08269358183780752,0.02735935600987006,2.4015370430595696e-05,2.4015370373042934e-05,0.8780919653831546,2.401537034922008e-05,2.401537032365259e-05,2.4015370378350534e-05,2.4015370421174118e-05
Madagascar_2010,2.1514630422184983e-05,2.1514630435338724e-05,2.1514630459077804e-05,2.1514630436998878e-05,2.1514630399150816e-05,2.151463051805655e-05,2.151462994837326e-05,2.151463030684882e-05,2.1514630409028945e-05,2.1514630352228525e-05,2.1514630381038765e-05,2.1514630393970617e-05,0.9124653072881935,0.07772548450971917,2.151463039590415e-05,2.1514630457087538e-05,2.1514630391419062e-05,0.009443459485486177,2.1514630536831153e-05,2.1514630357655482e-05
Malawi_1999,1.0914647715235975e-05,1.091464767963488e-05,0.09636654236702831,0.013855327755115289,0.2541909918529289,1.09146477437065e-05,1.091464745689204e-05,1.0914647700812171e-05,0.06246246977321209,1.0914647685500599e-05,1.0914647720309706e-05,0.043159634098984545,1.0914647730318428e-05,0.022018829027880864,0.3737042303038015,0.02392096558482483,1.0914647717516921e-05,1.0914647715563617e-05,0.10525262366131849,0.004959239098039694
Malaysia_1996,6.166749036042832e-06,0.050773407505587696,6.166749045428825e-06,6.1667490347258305e-06,0.001138714761932019,6.166749043757247e-06,6.1667488899877086e-06,6.166749044197248e-06,0.7542722860248325,6.166749014656366e-06,6.166749029618082e-06,6.166749038898148e-06,6.166749009453791e-06,6.166749035378187e-06,0.19371692372325022,6.16674903387028e-06,6.166749042353887e-06,6.16674902963009e-06,6.166749043026089e-06,6.166749026382161e-06
Maldives_2008,1.4176354170364224e-05,1.4176354129201176e-05,0.02424609844006477,0.18093594650486067,0.5032117256680155,1.4176354184727226e-05,1.4176353841798285e-05,0.00944274083625994,0.04191058558546074,1.417635410109151e-05,0.0974156763179504,1.4176354147688749e-05,1.4176354161834655e-05,1.4176354190804886e-05,1.4176354141264758e-05,0.08180951633854922,0.060857594059217375,1.417635415140963e-05,1.4176354151850601e-05,1.417635424913794e-05
Mali_1992,4.595588353771365e-05,4.595588344105944e-05,4.595588341160067e-05,0.21434519752985615,4.59558834674836e-05,4.595588345223205e-05,4.595588235296157e-05,4.595588367279123e-05,4.5955883575873217e-05,4.5955883536644715e-05,4.5955883530649714e-05,4.595588347730682e-05,0.7288966611293187,0.025525950690764646,0.013602554242235365,0.016940298156967116,4.5955883405757945e-05,4.595588341345463e-05,4.595588339228017e-05,4.595588319002878e-05
Malta_2011,1.047120451310904e-05,1.0471204416742583e-05,1.0471204408354668e-05,1.0471204416235261e-05,1.0471204442919283e-05,1.0471204438965714e-05,1.047120418848642e-05,1.0471204416745e-05,0.13121145279924096,1.0471204413066955e-05,0.414459202389804,1.0471204425781106e-05,1.0471204430338282e-05,1.0471204433666009e-05,0.45415133433585214,1.0471204449962323e-05,1.0471204417259153e-05,1.0471204483911483e-05,1.047120440356197e-05,1.0471204403737566e-05
Marshall_Islands_1995,1.7599437259741746e-05,1.759943714730868e-05,1.759943724873488e-05,0.020074236334071165,0.2635765781836611,0.0022557861654538855,1.7599436818029016e-05,0.04521127730254913,0.300188486712113,1.7599437188541922e-05,1.7599437225409542e-05,0.09706071166730736,1.75994372128442e-05,0.029934604755867848,0.13373250216899027,1.7599437253086066e-05,0.03543236355425436,1.7599437200673843e-05,0.07235745878394587,1.7599437231669004e-05
Mauritania_2012,4.3327557230831946e-05,4.3327557400698535e-05,4.332755731128593e-05,4.332755730946858e-05,4.332755743037672e-05,4.332755716021208e-05,4.332755632583772e-05,4.332755702144501e-05,4.332755740080021e-05,4.332755734280553e-05,4.332755738609852e-05,4.3327557348823445e-05,0.9991767764106713,4.332755728207908e-05,4.3327557472496504e-05,4.332755879784229e-05,4.3327557319849565e-05,4.332755731376591e-05,4.3327557329288995e-05,4.332755714498322e-05
Mauritius_2011,8.933357344772734e-06,8.93335732211287e-06,8.933357386039717e-06,8.933357355916411e-06,0.04362480668795338,8.933357327713304e-06,8.933357155622623e-06,8.933357326968598e-06,0.014518331956499894,8.933357338599839e-06,8.933357355077188e-06,0.02275511692867893,8.933357319387487e-06,8.93335737314868e-06,0.9189588107094486,8.933357378627106e-06,8.933357359441029e-06,8.933357334303502e-06,8.93335738762933e-06,8.933357353687466e-06
Mexico_2007,0.053797919175037165,0.13142729503120967,0.04652812637220415,0.009957428431789197,5.430060951070451e-06,5.43006094421352e-06,5.430060816683551e-06,0.02095220023766332,5.430060950986857e-06,5.430060925588477e-06,0.002853858346077523,0.008433167016143918,5.430060949286084e-06,0.5892397372363742,0.03910207788248388,0.019911944000945266,0.00013692967450527026,0.07572414786826885,0.001897158300815007,5.430060944636057e-06
Micronesia_1990,5.8004641804923445e-05,5.80046417112431e-05,5.800464182803553e-05,0.1701286079148203,0.1089826414806716,0.045576781370225763,5.8004640371258145e-05,0.116747218257652,0.1028111435962486,5.800464158407944e-05,5.80046417669303e-05,5.800464154771689e-05,5.8004641398401956e-05,0.14516997331186013,5.8004641855463563e-05,5.800464181376845e-05,5.8004641787285184e-05,0.018700653216004632,0.29118692515373934,5.800464130856954e-05
Moldova_2006,2.323420130291469e-05,2.323420122027651e-05,2.3234201285437877e-05,0.0771725123991536,2.3234201283952923e-05,2.3234201271955514e-05,2.323420074350502e-05,2.3234201366648018e-05,2.323420126417599e-05,2.3234201163275787e-05,2.3234201206601444e-05,0.022913458255449524,0.12162612195386743,0.09142246485156497,2.323420120562819e-05,0.6068573619713259,2.323420133501877e-05,2.3234201241869246e-05,2.32342012788123e-05,0.07968280175146862
Monaco_2002,7.102272885721739e-05,0.031764459608036075,0.04987256426156312,0.44118476878990964,7.10227289521392e-05,7.102272836417567e-05,7.10227272727641e-05,7.102272872334913e-05,7.102272923416342e-05,7.102272847427945e-05,0.01268614687675026,0.06544745676103612,0.23537044558794545,7.102272887160273e-05,0.045433929125926566,7.102272915115751e-05,7.102272880138172e-05,0.06641740143030218,7.102272895161412e-05,0.051041577542876616
Mongolia_2001,3.438789623089377e-05,3.438789620906686e-05,0.060484746034609634,0.06770429767594895,3.438789632028708e-05,0.05085690027698606,3.4387895460813296e-05,3.438789638552115e-05,3.438789642009833e-05,3.438789607765545e-05,3.438789625298249e-05,3.438789620570087e-05,3.438789622570993e-05,0.10774041826533988,3.438789621072997e-05,0.7126978193036972,3.4387896281122e-05,3.438789641656305e-05,3.438789651153882e-05,3.438789620966387e-05
Montenegro_2007,2.6455027085731566e-05,2.645502702830726e-05,2.645502709557051e-05,2.6455027153092363e-05,0.022097023193215524,2.6455027007771274e-05,2.645502645503734e-05,2.6455027166740317e-05,2.6455027066328647e-05,2.6455026999770312e-05,2.64550269913904e-05,0.010384094804649467,2.6455027101522124e-05,2.6455027116685894e-05,2.6455027070573163e-05,0.9497537817826268,2.6455027065944514e-05,2.6455027039891908e-05,2.64550270930983e-05,0.017341819786970587
Morocco_2011,1.7667844995045325e-05,1.7667844896865523e-05,1.7667844949851516e-05,1.766784499953174e-05,1.7667844942760424e-05,1.766784497632913e-05,1.7667844522975778e-05,1.7667844891700807e-05,1.7667845023896385e-05,1.766784490796517e-05,1.766784491552303e-05,1.7667844947924726e-05,0.7696662652799803,0.21922303114815775,1.766784490550138e-05,1.7667844931587748e-05,1.766784493801643e-05,1.766784493562895e-05,1.7667845018571028e-05,0.010810350208162353
Mozambique_2007,0.005458516574296356,1.2201073951475545e-05,1.2201073993348917e-05,0.0821657876327322,0.01770811931735904,1.2201073981327145e-05,1.220107369449088e-05,1.220107397811434e-05,1.2201073983919425e-05,1.2201073906915895e-05,0.02864980543684166,0.014445884987749237,0.033471149267468074,0.32198776399258333,1.2201073969330006e-05,0.27151069565294594,1.2201073990711221e-05,1.2201073999395564e-05,0.008267318707915092,0.21621294769066013
Myanmar_2008,1.1587485775394005e-05,1.1587485774100742e-05,1.1587485812222573e-05,1.1587485804007325e-05,0.09277880584937839,0.7700542692609824,1.158748551564784e-05,1.1587485805228467e-05,0.12795358211705568,1.1587485808423515e-05,1.1587485765528707e-05,1.1587485779836598e-05,1.1587485769201712e-05,1.1587485786597781e-05,1.1587485795214251e-05,1.1587485783484163e-05,1.1587485789408867e-05,0.00902794300025448,1.1587485776099912e-05,1.1587485788742118e-05
Namibia_2010,1.5211439325028534e-05,1.521143934579789e-05,0.05176123958338571,0.06464705631104485,0.7301629952644236,1.5211439388206643e-05,1.5211439002136676e-05,1.5211439367623522e-05,0.06514468366268826,1.5211439379875884e-05,1.5211439325622346e-05,1.5211439366098473e-05,1.5211439350346244e-05,1.5211439379675276e-05,0.008078685590023692,0.02968112151414012,1.521143939479024e-05,1.5211439377186792e-05,1.5211439373020511e-05,0.05032646936291811
Nauru_1968,2.9188558656021338e-05,2.91885587377901e-05,2.9188558616632676e-05,2.9188558765952188e-05,0.030574368698854968,2.9188558704291706e-05,2.9188558085242393e-05,2.9188558735491978e-05,0.2659235222006469,2.9188558610699227e-05,0.07516557732228281,2.9188558827008416e-05,2.9188558742422554e-05,2.9188558613617388e-05,0.6278695148395586,2.9188558719704683e-05,2.9188558640610834e-05,2.9188558719122463e-05,2.918855873658653e-05,2.9188558745582333e-05
Nepal_2010,8.058017921036032e-06,8.058017905338253e-06,8.058017927924517e-06,8.058017923803878e-06,8.058017929317844e-06,8.058017920774583e-06,8.058017727641913e-06,8.058017923820553e-06,0.08049141306966195,8.058017886951169e-06,0.011173611851036935,8.058017911126883e-06,8.058017896263596e-06,8.058017920145031e-06,8.058017928877407e-06,8.058017919576338e-06,0.9081979887749091,8.058017921333866e-06,8.058017910410334e-06,8.058017917567915e-06
Netherlands_2008,4.0290089431900235e-05,0.016186640801805846,0.2505695605314826,0.2952563449622539,4.029008968372033e-05,4.029008967794521e-05,4.029008863821121e-05,0.0487926223455871,4.029008969729576e-05,4.029008958238261e-05,4.029008956003943e-05,0.31617343889453564,4.029008947014129e-05,4.029008950917957e-05,4.0290089786230834e-05,4.029008963948963e-05,4.029008952800665e-05,4.029008943373781e-05,0.07245733121099751,4.029008969908868e-05
Nicaragua_2005,1.4551804770695884e-05,0.014253045149752768,1.45518047602959e-05,0.052164353468270384,1.4551804786740162e-05,0.02156649686199394,1.455180442375498e-05,1.4551804780181444e-05,1.4551804744607016e-05,1.455180473163608e-05,1.4551804773242167e-05,1.4551804764252368e-05,0.013408947083375151,0.714728052422478,0.01155676239235467,0.06672697675998875,1.4551804780686055e-05,0.09737161463288106,0.008063681376844054,1.4551804744907168e-05
Niger_2010,2.19587181910805e-05,2.1958718020370474e-05,2.1958718201485384e-05,2.1958718184640026e-05,2.1958718123091983e-05,0.00886761045197627,2.195871761090157e-05,2.1958718040254627e-05,2.195871814357162e-05,2.1958717955528574e-05,2.195871806906713e-05,2.1958718150653025e-05,0.9411224807271004,0.04963661061367464,2.1958718038496424e-05,2.195871815142056e-05,2.195871811919656e-05,2.1958718080615584e-05,2.1958718120839865e-05,2.1958718047341345e-05
Nigeria_1999,5.92136442028345e-06,5.921364441177876e-06,0.17228666448662647,5.921364431188247e-06,0.14053626211297726,5.921364419319682e-06,5.92136428233329e-06,5.921364393039289e-06,0.26188810485359726,5.92136439895522e-06,0.0005724645736957484,0.021146485601076143,5.9213644097828225e-06,5.921364421723637e-06,0.39268429708479774,5.9213644295842336e-06,0.010808743549900975,5.921364418760577e-06,5.921364428351742e-06,5.921364433953703e-06
Norway_2004,5.070994033672752e-05,5.070994043321179e-05,0.040184669521678394,0.24095973616152416,0.07767275924434831,5.070994034480669e-05,5.070993914809839e-05,0.05028242945132598,0.22572769199458828,5.070994027326318e-05,5.0709940186377575e-05,0.17032957520573408,5.070994030032212e-05,5.0709940421093285e-05,0.017561885182646442,0.06719758146894175,0.04292331901869064,0.06665325334875985,5.070994026758103e-05,5.070994005046392e-05
Oman_2011,0.02729857343898626,4.115226443906343e-05,0.1034801622677476,0.669364921080207,0.031745120813447124,4.115226439728915e-05,4.115226337450633e-05,4.1152264428373215e-05,4.115226441778159e-05,4.1152264137899245e-05,4.115226424050483e-05,4.115226428882516e-05,4.115226432411532e-05,4.115226442515196e-05,4.115226426741856e-05,0.16749393843549956,4.1152264483116365e-05,4.1152264270749044e-05,4.115226420184923e-05,4.115226441600125e-05
Pakistan_2012,6.8643604085833264e-06,6.864360383978747e-06,0.0151620384603313,0.029035864285111356,0.05985114549303147,6.86436039689337e-06,6.864360241628523e-06,6.864360415135664e-06,0.8755903751643535,6.864360386370142e-06,0.00142297914068123,6.864360407288495e-06,6.864360407111747e-06,0.013763795116368101,6.864360408046473e-06,6.864360416066692e-06,6.864360410272751e-06,6.864360405844899e-06,0.005084565655007423,6.864360428568145e-06
Palau_1992,4.071661344069958e-05,4.071661338323516e-05,4.0716613405104096e-05,0.09943389825335729,0.15945385227300643,0.06049443056243551,4.0716612377871795e-05,0.15620187469605032,4.07166135256398e-05,4.071661333778365e-05,4.071661358079968e-05,4.071661342987655e-05,4.071661323840517e-05,0.20606496026350196,4.071661342479899e-05,4.07166133992903e-05,0.054867297568922495,4.071661344929637e-05,0.262954370409611,4.071661312216015e-05
Panama_2004,0.042354015390609165,0.007349683756185556,1.1230907723178132e-05,0.048859555524363794,0.03745754987859139,1.1230907743962658e-05,1.1230907457327642e-05,1.1230907774355017e-05,0.05104950600843674,1.1230907726898756e-05,1.1230907689153131e-05,0.0023678734100991573,1.1230907736680594e-05,0.6362138057327794,0.003268989102846772,0.008155201456471237,1.1230907723161985e-05,0.16281151066258948,1.123090772671025e-05,1.1230907726102101e-05
Papua_New_Guinea_1991,6.350012856289043e-06,6.3500128528460985e-06,6.350012850366866e-06,0.042829148696008755,0.11932099293954154,6.3500128461337215e-06,6.350012700028282e-06,6.350012819412334e-06,0.047864145083734676,6.350012824548008e-06,6.350012839615664e-06,0.042362153762044934,6.35001286297193e-06,0.0042208607405894594,0.37764014987363087,6.350012858580814e-06,0.15545597818037987,0.006985536296972292,0.19662195141104857,0.006635582887738161
Paraguay_2011,1.141291970457614e-05,0.08152642545966166,1.1412919680689541e-05,1.1412919704913627e-05,1.1412919709534102e-05,1.1412919690721812e-05,1.1412919424794061e-05,1.1412919725152081e-05,1.1412919707214836e-05,1.1412919646715624e-05,1.141291965649919e-05,1.1412919676478341e-05,0.12454635905725789,0.6526574059443802,1.1412919737869773e-05,1.1412919688164068e-05,1.1412919683180608e-05,0.14108720282391526,1.1412919685775324e-05,1.1412919662650154e-05
Peoples_Republic_of_Korea_1998,3.1746032460733365e-05,3.174603212529143e-05,3.174603244386667e-05,3.174603246189688e-05,3.174603235253344e-05,0.36765655139407805,3.1746031746046585e-05,3.174603221935487e-05,3.174603232339589e-05,3.174603221460411e-05,3.174603241131873e-05,3.174603244072856e-05,3.174603237639895e-05,0.27634160474320435,3.174603298482708e-05,0.28516311078634254,0.07033079655840667,3.174603226467127e-05,3.174603271999699e-05,3.1746032422641134e-05
Peru_2009,0.06742363900674041,0.007218360256197666,0.008624207527907237,0.07972486256722378,0.01861251808733139,1.3842746727541941e-05,1.3842746400892223e-05,1.3842746721130342e-05,1.3842746748272432e-05,1.3842746641891135e-05,0.013939795929092329,0.013562975913726861,0.045809648341878936,0.5062921997559001,1.384274671978529e-05,0.18181396823131782,1.3842746727881574e-05,0.02287861863707319,1.3842746746264063e-05,0.03398846377217661
Philippines_1987,0.09373203296113009,1.2481278356725634e-05,0.05955928524196261,1.2481278366826095e-05,0.11538538888597416,0.045776164614274445,1.2481278082881752e-05,0.07234048157354246,0.0725172745067015,1.2481278358505321e-05,1.2481278372638198e-05,1.2481278356287315e-05,1.2481278375717752e-05,0.39504737351791464,1.2481278383135547e-05,0.050227313828149725,0.03401969367884794,1.248127839430164e-05,0.052905763280781684,0.008376896405673837
Poland_1997,1.5446401368045483e-05,1.5446401349255216e-05,1.544640138336347e-05,0.4605658668197279,0.016747566329529645,1.5446401299395794e-05,1.5446400988576156e-05,1.5446401362041375e-05,1.5446401386157372e-05,1.5446401315082414e-05,1.544640135138121e-05,0.023470723771752938,1.5446401304339552e-05,1.5446401385658642e-05,0.0234054881528988,0.4736202672522505,1.544640134729667e-05,0.00197383805525285,1.5446401392661006e-05,1.5446401354063256e-05
Portugal_2005,0.04589710570355407,6.938662387391642e-06,0.004568538969212193,0.0692659326931481,6.938662398298632e-06,0.0009326095129391847,6.938662225926049e-06,6.938662374656419e-06,6.93866238956914e-06,6.938662374261345e-06,6.938662372002394e-06,0.024161664978548818,0.013136141974690726,0.16881912631728954,6.938662375624415e-06,0.0882629834292055,6.938662400907203e-06,0.0009572463490608492,6.938662386266038e-06,0.5839292634486661
Qatar_2003,5.3191490756375594e-05,5.319149054849741e-05,0.03626447746893455,0.5992976652851197,5.3191490811496954e-05,5.3191490668294386e-05,5.319148936172703e-05,5.3191490635823655e-05,5.319149061229971e-05,5.319149016376251e-05,5.319149077947391e-05,5.319149070720774e-05,0.13630125021027678,0.05145738391481806,5.319149059361335e-05,0.1758813507624938,5.319149062959164e-05,5.319149076735712e-05,5.31914908307039e-05,5.319149049076313e-05
Republic_of_Korea_1987,3.589375536453246e-05,3.589375511226038e-05,0.15288138794531783,0.15842432052396677,0.043896766376380056,0.11843461371110363,3.589375448673717e-05,0.026980799063224373,3.589375530871868e-05,3.5893755158011654e-05,3.589375521979462e-05,3.589375541498847e-05,3.589375537171445e-05,0.18640019480272804,3.589375541957922e-05,0.31251529875895145,3.589375538490208e-05,3.58937554140792e-05,3.589375532850016e-05,3.589375534402783e-05
Romania_2003,2.0652623392032166e-05,0.048819058451780646,0.036921229817454666,0.09118686556312597,2.0652623393415002e-05,2.0652623381786117e-05,2.0652622883116032e-05,2.0652623328524855e-05,2.0652623360743223e-05,2.065262328518219e-05,2.0652623422079827e-05,0.03359295587202605,0.23145139437155315,0.03461182780388956,2.065262348202558e-05,0.5231481840167167,2.065262340258421e-05,2.065262333950089e-05,2.065262338272668e-05,2.065262339975008e-05
Russia_2008,2.2401434308425074e-05,0.1380407553056306,2.2401434200354847e-05,2.2401434133826755e-05,2.240143408622921e-05,2.240143411845461e-05,2.2401433691766257e-05,2.2401434118799032e-05,2.240143422102939e-05,2.2401434155565368e-05,2.2401434063317192e-05,2.240143408307528e-05,2.2401434158288393e-05,0.03186824547206077,2.2401434063783216e-05,0.8020331513355837,2.2401434285849434e-05,2.2401434063344686e-05,2.240143412536038e-05,0.027699424940847643
Rwanda_2010,1.9379845446327315e-05,1.9379845367669155e-05,0.0050319549031807055,0.5308776674104773,0.1423765072260551,1.9379845485315682e-05,1.937984496124836e-05,1.9379845323185035e-05,1.9379845376217175e-05,1.9379845393268036e-05,1.9379845389160157e-05,1.9379845456378326e-05,0.17297486766686387,0.009836563125760686,1.937984541030724e-05,0.08499149499889457,1.937984546344388e-05,1.9379845464474996e-05,1.9379845417845192e-05,0.05365900667881295
Samoa_2010,2.265518846336593e-05,2.2655188688603325e-05,2.265518846910459e-05,2.265518865194834e-05,0.2543527510718131,2.265518846447201e-05,2.2655188038069615e-05,0.011602701577596963,0.4905085128852969,2.2655188525285825e-05,2.2655188609097598e-05,2.2655188635686687e-05,2.265518860511921e-05,2.2655188503747573e-05,0.24317355144873534,2.265518890343202e-05,2.2655188537549978e-05,2.2655188470013944e-05,2.2655188480716073e-05,2.2655188511388617e-05
Sao_Tome_and_Principe_1990,4.2844902387008e-05,4.2844902196354806e-05,4.284490255363626e-05,4.2844902514222615e-05,4.2844902389716314e-05,4.2844902568950275e-05,4.2844901456744875e-05,4.2844902306586055e-05,4.284490232451826e-05,4.2844902230359825e-05,4.284490277207827e-05,4.2844902677334436e-05,0.2791276201913161,0.38843543672421066,4.284490238141993e-05,0.20958818597733592,4.2844902503990525e-05,0.05963596972626898,4.284490247305052e-05,0.06257011384513235
Saudi_Arabia_2005,4.504504605119538e-05,4.504504588245573e-05,0.12583589780420962,0.38092965747412305,4.5045045999098654e-05,0.0845273993151857,4.504504504506812e-05,4.504504585948971e-05,4.504504608538383e-05,4.504504581967297e-05,4.504504598290544e-05,4.504504625823295e-05,4.504504590752126e-05,0.12338563867709396,4.504504588821548e-05,0.02439632851551517,4.504504616701485e-05,0.020689190947054074,0.23965030166999615,4.504504587609606e-05
Senegal_2009,3.071253134706694e-05,3.071253134461988e-05,3.071253146763785e-05,3.071253167509399e-05,3.0712531501399424e-05,3.071253161432578e-05,3.071253071254219e-05,3.0712531358587054e-05,3.0712531508445614e-05,3.0712531452095697e-05,3.0712531572670233e-05,3.071253145891055e-05,0.9994164619030581,3.071253141061192e-05,3.071253151722793e-05,3.0712531488669725e-05,3.0712531261150306e-05,3.0712531407961594e-05,3.071253146337721e-05,3.0712531379780794e-05
Serbia_2006,1.3923698500596673e-05,1.3923698418375791e-05,1.3923698484231742e-05,1.3923698489802426e-05,1.3923698430605204e-05,1.3923698469625533e-05,1.3923698134229948e-05,1.3923698447893582e-05,1.392369843834983e-05,1.3923698369299023e-05,1.392369840864596e-05,1.3923698448682727e-05,1.3923698415333036e-05,0.04035105546490892,1.3923698424001095e-05,0.8484077497151737,1.3923698432824435e-05,1.3923698415664417e-05,0.09133123773795578,0.019687177907233427
Seychelles_2011,8.548470033844429e-06,8.548470025455694e-06,8.548470023559302e-06,8.548470043050364e-06,0.16867777359247793,8.548470033546136e-06,8.548469823905576e-06,8.548470055337663e-06,0.08105827951120388,8.548470011442564e-06,0.4955047120261334,0.013847005515512644,0.014068162544149497,8.54847002620939e-06,0.2066487234391815,8.548470040563255e-06,0.02008421326115422,8.54847004589771e-06,8.54847000297294e-06,8.548470021190881e-06
Sierra_Leone_2008,8.15261721492057e-06,8.152617160555328e-06,0.03564199893470342,0.001632094175045268,0.13351701836383828,8.152617187709449e-06,8.152616990057704e-06,0.001811987059627135,0.13786012451765767,8.152617166521967e-06,0.05743096189197852,0.014508770939800662,8.15261720654133e-06,8.152617175865316e-06,0.6116487647079455,0.005858600620559205,8.152617193236249e-06,8.152617184288334e-06,8.152617184505335e-06,8.152617180071312e-06
Singapore_2010,7.956715624008707e-06,7.956715587004502e-06,7.956715647174541e-06,7.956715644622463e-06,0.007745163074238945,7.956715643495054e-06,7.956715467858032e-06,7.95671559838417e-06,0.8384769174641746,7.956715598224575e-06,7.956715654476369e-06,7.956715635003667e-06,7.956715618952108e-06,7.956715632441806e-06,0.15364265529605498,7.95671561934726e-06,7.956715643743445e-06,7.956715667709143e-06,7.956715636777392e-06,7.956715612000668e-06
Slovakia_2001,1.6672224439747554e-05,0.03448517739952944,1.6672224488965078e-05,0.0022492049610097695,1.6672224492943812e-05,1.6672224518411907e-05,1.667222407469835e-05,1.667222440771053e-05,1.6672224442046134e-05,1.6672224385505323e-05,1.6672224439474268e-05,0.07043735669200828,0.031121021013702038,1.6672224472409294e-05,1.6672224418439218e-05,0.858152224149665,1.667222446084921e-05,0.0033216046422586657,1.667222442953086e-05,1.6672224356003216e-05
Slovenia_2006,2.496255680114859e-05,0.00018985177060097514,0.09396476645698165,2.4962556801397072e-05,2.4962556795360187e-05,2.4962556658946144e-05,2.496255616576198e-05,2.496255679411352e-05,2.496255676174872e-05,2.4962556681916275e-05,0.007804980130797992,0.10039603374248947,2.496255674608951e-05,2.496255675344726e-05,2.4962556720164864e-05,0.7310863431387978,2.4962556773274677e-05,2.4962556738533522e-05,2.4962556786414055e-05,0.06620854896635374
Socialist_Republic_of_Vietnam_2001,2.0946795664293148e-05,2.094679545671415e-05,2.0946795648877423e-05,2.0946795685647215e-05,2.094679560291854e-05,0.28317696195194353,2.094679514035376e-05,2.0946795541531125e-05,2.0946795598556317e-05,2.0946795568294473e-05,2.094679550709909e-05,2.0946795625385693e-05,2.0946795686513757e-05,0.3668007275120473,2.0946795529034536e-05,0.3496662150111438,2.0946795694795008e-05,2.0946795570319027e-05,2.094679566319183e-05,2.094679568170145e-05
Solomon_Islands_2009,9.964129377136537e-06,9.964129347291834e-06,0.011925595424208162,9.96412938658317e-06,0.04690023552999993,9.964129365507945e-06,9.964129135118138e-06,9.964129341937588e-06,0.040518938256153186,9.964129333126858e-06,9.964129357245452e-06,9.9641293909497e-06,9.964129377967867e-06,9.964129392711572e-06,0.8544951532570141,9.964129379734677e-06,9.964129382324129e-06,9.96412936567292e-06,0.04601061559231522,9.964129376043141e-06
Somalia_2012,1.700680310980699e-05,0.013143564696651977,0.2472799876567042,0.19410822056153465,0.06205995779598868,0.0021111713477090103,1.7006802721095784e-05,1.700680312663015e-05,1.700680308909333e-05,1.7006803030688884e-05,1.7006803125741864e-05,1.700680310897426e-05,1.700680313037308e-05,0.03771564957688875,1.700680312291032e-05,0.15681709967335475,0.12454786864192402,1.700680309118363e-05,0.16202940521548043,1.7006803107139957e-05
South_Africa_2012,6.178178789031889e-06,6.178178816851144e-06,6.1781788147183915e-06,6.1781788051241925e-06,6.178178819620218e-06,6.178178797578126e-06,6.17817867292938e-06,6.178178813904052e-06,6.178178813646802e-06,6.178178783138424e-06,6.178178786289548e-06,6.178178813632939e-06,6.17817879659443e-06,6.178178800991019e-06,0.01651215724047751,6.178178804674793e-06,6.178178798737225e-06,6.178178796595417e-06,0.9833766355411883,6.178178810162546e-06
South_Sudan_2011,1.0993843701312752e-05,1.0993843679736551e-05,0.8583583403156569,1.0993843717595965e-05,0.048380505241428735,0.0019164692810852218,1.0993843447673832e-05,0.0022147060020285747,1.0993843710811707e-05,1.0993843674603508e-05,0.04341551034166089,1.0993843683820919e-05,1.0993843711422375e-05,0.03913960574747666,1.0993843719352484e-05,0.006431943102734246,1.0993843727815774e-05,1.099384372547938e-05,1.0993843724093493e-05,1.0993843705035677e-05
Spain_2011,0.0445178107381814,0.023733149531644945,0.00039719930072612916,0.20208211668085593,1.5878056854649884e-05,1.587805693659321e-05,1.587805652588793e-05,1.5878056917685293e-05,1.587805694492934e-05,1.5878056871410978e-05,1.5878056917988927e-05,1.5878056931041e-05,0.10101542516369608,0.25320982349474663,0.08258368365955412,0.084590993503627,1.5878056864605258e-05,1.587805687698127e-05,0.06779868154753073,0.13991233581079532
Sri_Lanka_2010,6.115460021222681e-06,6.115460038858513e-06,6.115460035738987e-06,0.04514939557356834,0.1042868190386522,6.1154600240956275e-06,6.115459882585883e-06,6.115460029521508e-06,0.773538294547659,6.115460007276737e-06,6.115460029583528e-06,0.03257636130014166,0.004621175188781692,0.005244864435974701,0.01928378453715844,6.115460034808658e-06,6.115460028029199e-06,6.11546003943452e-06,0.015225919857862698,6.1154600302009715e-06
St_Kitts_and_Nevis_1983,7.3953559184514405e-06,0.0005953833091499664,7.395355893843147e-06,7.395355882058076e-06,7.395355880150539e-06,7.395355865224883e-06,7.395355716612819e-06,7.395355884675262e-06,0.020773668644632235,7.3953558620196755e-06,7.395355922125762e-06,7.395355890615977e-06,7.395355871372152e-06,7.3953558774300084e-06,0.9785052269963583,7.395355888177979e-06,7.395355883810683e-06,7.395355870459264e-06,7.395355875854968e-06,7.3953558765388425e-06
St_Lucia_1978,8.345852231615643e-06,8.345852230692426e-06,8.345852256378582e-06,8.34585225541359e-06,8.345852282982408e-06,8.345852244175747e-06,8.345852111502834e-06,8.345852264719923e-06,8.345852335309694e-06,8.345852249644592e-06,8.345852259055277e-06,8.345852271089601e-06,8.345852238564463e-06,8.34585224484841e-06,0.9998414288072146,8.345852255533609e-06,8.345852274510479e-06,8.345852256671233e-06,8.345852265166444e-06,8.34585225739559e-06
St_Vincent_and_the_Grenadines_1979,1.0216591885256986e-05,1.021659187989397e-05,1.0216591886490761e-05,1.0216591896901822e-05,1.0216591944221448e-05,1.0216591872774243e-05,1.0216591744996211e-05,1.0216591909848992e-05,1.0216591939439788e-05,1.0216591890807613e-05,1.0216591919133634e-05,1.0216591918493267e-05,1.0216591871251801e-05,1.0216591881800872e-05,0.9998058847540774,1.0216591892334021e-05,1.021659189279295e-05,1.0216591896266815e-05,1.021659190653733e-05,1.0216591893266554e-05
Sudan_2005,1.171234509492456e-05,1.1712345066453954e-05,0.8599929153382521,0.04688007266238126,0.0011362284366135272,1.1712345106740723e-05,1.1712344811435962e-05,1.1712345124570243e-05,1.1712345098631106e-05,1.1712345066370631e-05,0.027213622377230726,1.1712345052938734e-05,1.1712345093321887e-05,0.040138406281671465,1.1712345117176545e-05,1.171234509057245e-05,0.024474782072867688,1.1712345081230847e-05,1.1712345101000084e-05,1.1712345078049217e-05
Surinam_1992,2.3775559251012865e-05,2.3775559230028247e-05,0.0735905909532664,0.35133828950476087,2.3775559265625285e-05,2.3775559333970703e-05,2.377555872564038e-05,0.005808414390405511,2.377555929943427e-05,2.377555919073787e-05,0.03936588387456147,0.10813782103016623,0.029980847930225055,0.2540838037421813,2.3775559287110008e-05,0.09649848335703635,2.3775559249707398e-05,0.013112191000877923,2.3775559249095088e-05,0.02784591862443654
Swaziland_2005,6.478362412202805e-06,6.478362393103458e-06,0.1725314179647802,0.004865867348620859,0.09673771101189942,6.478362422153832e-06,6.478362270021133e-06,6.478362412186497e-06,0.031715481593080366,6.478362406124323e-06,0.08103241153425846,6.4783624384895164e-06,0.0064679736881224515,6.478362431091927e-06,0.5029421764823359,6.478362428348623e-06,0.04368721480973746,6.478362426874528e-06,0.05352562314732305,0.006429338795801153
Sweden_2012,4.932425864161086e-06,4.932425855890093e-06,4.9324258752422865e-06,4.932425873335295e-06,4.932426197034729e-06,4.9324258577812105e-06,4.932425766993801e-06,4.9324258656647766e-06,4.932425868052602e-06,4.932425846886991e-06,4.932425860374724e-06,0.9999062839083236,4.932425863383087e-06,4.932425868689941e-06,4.9324258662074375e-06,4.932425875050375e-06,4.932425871008267e-06,4.932425860503335e-06,4.932425868739566e-06,4.9324258713794385e-06
Switzerland_2002,0.5759113679706825,0.009140205690402149,0.23166353319565583,0.0727212142950072,1.5743073378277675e-05,1.5743073428565367e-05,1.5743073047865843e-05,1.5743073314859448e-05,1.5743073380348356e-05,1.5743073341735678e-05,1.5743073344322306e-05,0.023109075602684798,1.574307343225944e-05,0.06090605097315653,1.574307335811687e-05,0.0026587394668077936,0.023700895925286323,1.5743073413525586e-05,1.574307340753804e-05,1.5743073469331806e-05
Syria_2012,3.9401104071735934e-05,3.940110395734947e-05,0.0749829446684861,0.34507710817083337,3.9401104174258525e-05,3.9401104114109394e-05,3.940110323090701e-05,3.94011039749619e-05,3.940110413713918e-05,3.940110380761359e-05,3.9401103985981e-05,3.9401104012022835e-05,3.9401104177157194e-05,0.19817029415452797,3.940110393702729e-05,0.3463849292729814,3.940110427003968e-05,3.9401104280487394e-05,3.940110411378679e-05,0.03479370717292651
Taiwan_2005,0.019385251656152,2.6123302583578894e-05,0.25470629698825026,0.0542415535104679,2.612330259418222e-05,0.24553215455181188,2.6123301985382685e-05,0.015506417356175462,0.03398564715690683,2.6123302463644544e-05,2.612330255786039e-05,0.04703585752963747,2.6123302648563742e-05,0.12534139460528382,2.6123302512425006e-05,0.12746443518499678,2.612330257574692e-05,2.612330256598836e-05,0.07653975843534463,2.612330248557853e-05
Tajikistan_2003,3.872966771222198e-05,3.872966781513569e-05,3.8729667634372145e-05,3.872966775419646e-05,3.8729667552966966e-05,3.872966808757466e-05,3.8729666924878585e-05,3.8729667454915286e-05,3.8729667525178465e-05,3.872966746458695e-05,3.872966750317432e-05,3.872966754022973e-05,3.872966788181612e-05,3.872966780348961e-05,3.872966741345079e-05,0.9992641363154264,3.8729667674200746e-05,3.872966770501981e-05,3.872966756095753e-05,3.872966756512245e-05
Tanzania_1995,1.2758357014096768e-05,1.2758357001862402e-05,0.03428715447129566,0.01601045972665594,0.5867791442905336,0.028567185754372608,1.2758356723659557e-05,1.2758356992665342e-05,0.1754616931692763,1.275835694679607e-05,0.0059466981651167565,1.275835704300117e-05,1.2758357019781555e-05,1.275835702969674e-05,0.13891355050300777,1.2758357038059317e-05,1.27583570361467e-05,1.2758357018894154e-05,1.2758357026810731e-05,0.013881013635849758
Thailand_2007,0.017285838121065267,0.006607632817919761,7.362686085657071e-06,0.1017808620606386,0.0036269961813003458,0.09955806693103186,7.3626859078224585e-06,7.3626860984770956e-06,0.006485389648208823,7.362686080045191e-06,7.3626860634167984e-06,0.21261382873655865,0.050042820371032866,0.0371075044359795,0.046977802088095696,0.007687630603357757,0.023664383719886287,7.362686083364571e-06,0.38650970548254554,7.362686060230517e-06
Togo_2007,2.960331618175969e-05,0.026721298675660653,2.9603316183410753e-05,2.960331617264402e-05,2.960331622045653e-05,2.960331606527005e-05,2.9603315571356557e-05,2.9603316121151206e-05,2.9603316212234312e-05,2.9603316159945633e-05,2.9603316248280514e-05,2.9603316206724722e-05,0.882888208592971,2.9603316343586296e-05,2.9603316549055358e-05,0.0898872363559214,2.96033163844317e-05,2.9603316277043503e-05,2.9603316313125426e-05,2.9603316236555318e-05
Tonga_1988,3.9808917977334374e-05,0.020484447879077168,3.980891797200927e-05,0.06399825112863132,3.980891817511591e-05,0.08333414189885607,3.980891719747329e-05,0.18309018936360621,0.4510685142561305,3.98089181465177e-05,0.06820627800649676,0.07086341677588393,3.980891811480283e-05,3.980891806106809e-05,0.05847705367501684,3.9808918156245175e-05,3.980891812018769e-05,3.980891835564929e-05,3.980891805549316e-05,3.9808917969331167e-05
Trinidad_and_Tobago_2007,1.158480098144839e-05,1.1584800955180547e-05,1.1584801041339339e-05,0.01091612318816094,0.07690278418341195,1.1584801022315236e-05,1.1584800741432431e-05,1.1584801045336113e-05,0.06307706904453537,1.1584800970104801e-05,1.1584800987420867e-05,0.011776576018974258,1.1584800972607499e-05,1.1584801004660974e-05,0.8371536755501954,1.1584801006079114e-05,1.1584801021165364e-05,1.1584800976312069e-05,1.1584801017333993e-05,1.1584800979655952e-05
Tunisia_2014,2.2851920025781577e-05,2.285192008205185e-05,0.03784499738737868,0.40590304815344136,2.285192010210539e-05,2.2851919961475114e-05,2.2851919561252487e-05,2.2851920207680297e-05,2.2851919983558784e-05,2.2851919958407892e-05,0.0023881886593338135,2.2851920120552523e-05,0.21346967179851078,0.08782196293286543,2.285191998392036e-05,0.20305112059968924,0.03351633850080509,2.285192003476134e-05,2.28519201322621e-05,0.01573044892782172
Turkey_2002,0.04045806508817282,1.024590185171735e-05,1.0245901892387393e-05,0.27725448677413284,0.07959536602605308,0.025599968156044435,1.0245901639349199e-05,1.0245901872342453e-05,1.0245901885963333e-05,1.0245901810284806e-05,1.0245901898917099e-05,0.12492630164150856,1.0245901893733837e-05,0.1120122988074383,1.0245901901251978e-05,0.3078906520998272,1.0245901890733907e-05,0.010507970520155533,1.0245901904913105e-05,0.021642185966225427
Turkmenistan_2008,0.00783422116746517,4.5955883393583066e-05,4.5955883507040724e-05,4.5955883417795225e-05,4.59558834445522e-05,0.014073506990364647,4.5955882352963416e-05,4.59558841030012e-05,4.595588348602779e-05,4.595588299771651e-05,4.595588369824899e-05,4.5955883680495785e-05,4.595588345441229e-05,0.03495981552635265,4.5955883257538645e-05,0.9423971621812136,4.595588341125927e-05,4.595588329405734e-05,4.595588331426612e-05,4.5955883791052396e-05
Tuvalu_1986,9.372071483467267e-06,9.372071449179871e-06,9.372071455000953e-06,9.372071454985882e-06,0.08057713427876935,9.372071454723224e-06,9.372071227745623e-06,9.372071399999072e-06,0.01704776982415921,9.37207141009237e-06,9.372071425306924e-06,0.019265235670919402,9.372071463221457e-06,9.372071479719534e-06,0.7143604706981205,9.372071467458422e-06,0.04968793446127827,9.372071395486099e-06,0.11893024606677613,9.372071410664558e-06
Uganda_2005,6.362942365712441e-06,6.362942348087047e-06,0.1017245071782004,6.362942375568106e-06,0.013156557316984827,0.006123128645948708,6.36294222448736e-06,6.362942369688472e-06,6.362942376540866e-06,6.362942358790494e-06,0.8488634838393914,6.362942383086014e-06,6.362942358075204e-06,6.362942379662646e-06,6.362942369105119e-06,0.006806803582465142,0.023236438243977163,6.36294236289101e-06,6.362942376205797e-06,6.36294238442217e-06
Ukraine_2004,0.012075402793730051,1.4889815712629908e-05,1.4889815736747205e-05,1.4889815694188129e-05,1.4889815715641761e-05,1.4889815722427023e-05,1.4889815366296156e-05,1.4889815692011703e-05,1.4889815754327135e-05,1.4889815639831746e-05,1.4889815709252154e-05,0.014762991593360397,1.4889815708217319e-05,0.056710256707596635,1.4889815668652481e-05,0.9162131118543589,1.4889815727508992e-05,1.4889815688522183e-05,1.4889815701140144e-05,1.4889815716489344e-05
United_Arab_Emirates_2004,0.02635158009111217,3.037667159791624e-05,0.17769173934814836,0.599717622753887,3.037667148663053e-05,3.037667135636634e-05,3.0376670716904646e-05,3.0376671516176143e-05,0.0884917231106723,3.0376671326734388e-05,3.0376671376518882e-05,3.037667149775676e-05,3.037667129877863e-05,3.0376671477822633e-05,3.0376671516851424e-05,0.03759414530912659,0.008414217970013509,0.03829093750334277,3.0376671452400044e-05,0.0230835138570763
United_States_of_America_1992,8.130081474711745e-05,0.010350864238056787,8.130081427898334e-05,8.130081442795814e-05,8.130081500640274e-05,8.130081416214423e-05,8.130081300815521e-05,0.8745630471102975,0.06025660915345975,8.130081452065722e-05,8.130081524173641e-05,8.130081460135546e-05,8.130081435793476e-05,8.130081440676272e-05,8.130081525650516e-05,8.130081435142361e-05,8.130081424954588e-05,8.130081467106316e-05,8.130081458804042e-05,0.05352866646631005
Uruguay_2004,0.11587548366793786,0.1446464676407926,1.1123470767667008e-05,0.224232944842136,0.09841769047828496,1.1123470785919917e-05,1.1123470522808058e-05,0.021974967257295287,0.004715129349700292,1.1123470773555447e-05,1.1123470794135163e-05,0.015748441936619843,0.011171272140543982,0.27391855228413137,1.1123470805998935e-05,1.1123470789615446e-05,1.1123470777198119e-05,0.08918781569501381,1.1123470776248261e-05,1.1123470750921399e-05
Uzbekistan_1992,3.9556962816708934e-05,3.955696273101214e-05,3.955696297093532e-05,3.9556962915457126e-05,3.955696297578553e-05,0.048997983260829284,3.9556962025332415e-05,3.955696280566865e-05,3.955696309829612e-05,3.955696295935802e-05,3.95569629523265e-05,3.955696284315928e-05,3.955696272744147e-05,3.955696298076488e-05,3.955696349715023e-05,0.9036371485592878,3.9556962854295466e-05,3.9556962733963126e-05,3.955696298276459e-05,0.04669239981101228
Vanuatu_1983,4.448398676130369e-05,4.4483986742510916e-05,4.448398690069758e-05,0.21731779337003687,0.29573068347899806,4.448398677108269e-05,4.448398576514317e-05,0.023013451452610433,4.448398689800688e-05,4.448398667603787e-05,0.032312049646157574,0.07886503047844405,4.448398691349694e-05,4.448398686810761e-05,0.20504613323548682,4.448398684318408e-05,0.10414424920039837,4.4483986698773055e-05,0.043036801297098845,4.448398693046446e-05
Venezuela_2009,0.036602063020297594,0.006265934482995113,0.03872356158033239,0.03304970646074086,0.020782411665531814,7.1184511847590775e-06,7.1184510250599736e-06,7.1184512007507665e-06,7.118451196575049e-06,7.1184511629627455e-06,0.01173103059157358,7.118451193056793e-06,0.02999850638908221,0.788707681412776,0.002355394086961609,0.02771271326638875,7.118451197777866e-06,0.0020393102118002465,0.001974739222171671,7.118451187084772e-06
Yemen_2001,2.7012426367846955e-05,2.7012426275854718e-05,0.0904368039803308,0.4449152267298247,0.0023880244000958925,2.7012426408346876e-05,2.701242571584189e-05,2.7012426269749053e-05,2.7012426386924437e-05,2.7012426278407316e-05,0.021063087286938665,0.005991801326543857,2.7012426418346212e-05,0.18991802705573238,2.7012426487470257e-05,0.24493586767853381,2.701242633722745e-05,2.701242637335467e-05,2.7012426375284277e-05,2.7012426305251372e-05
Zambia_2009,1.1353315403164704e-05,1.1353315378610566e-05,1.1353315456731644e-05,0.011997930410420833,0.03582052446533358,1.1353315450026597e-05,1.1353315168034402e-05,1.1353315446539898e-05,0.19255542874719356,1.1353315407161119e-05,0.19086892772520483,1.1353315437008344e-05,1.1353315427888737e-05,1.1353315436963878e-05,0.5471239834567077,0.020618248417784323,1.1353315454063685e-05,1.1353315428478609e-05,0.0008673636770668434,1.1353315393694681e-05
Zimbabwe_2013,5.258729624091423e-06,5.258729596790197e-06,0.005796814690305235,5.2587296234879026e-06,0.09451442085383485,5.258729615397843e-06,5.258729490957418e-06,5.258729620809933e-06,5.258729631841776e-06,5.258729597481512e-06,0.0012716890960577816,0.009061761566822046,5.258729603772831e-06,5.258729624720377e-06,0.12375286825799223,0.007580498062742291,6.43233458729206e-06,5.258729619256216e-06,0.751687073106373,0.006270596005636722
