,term_str,x,y,cluster
5,a,-31.273453,-38.28473,"x -50 to -30, y -55 to -30"
2593,abide,-39.416737,-46.359104,"x -50 to -30, y -55 to -30"
1224,able,-48.291203,-47.289112,"x -50 to -30, y -55 to -30"
2678,abolished,-38.575565,-38.1593,"x -50 to -30, y -55 to -30"
1032,absent,-48.843,-34.614944,"x -50 to -30, y -55 to -30"
1747,accepted,-36.61525,-49.951576,"x -50 to -30, y -55 to -30"
2423,accompanied,-36.09572,-51.05655,"x -50 to -30, y -55 to -30"
2036,accorded,-42.862644,-33.786488,"x -50 to -30, y -55 to -30"
3838,accumulated,-36.644157,-37.68446,"x -50 to -30, y -55 to -30"
3727,achieved,-35.60109,-38.686626,"x -50 to -30, y -55 to -30"
2417,added,-38.103634,-45.11082,"x -50 to -30, y -55 to -30"
1403,administered,-41.39974,-47.928066,"x -50 to -30, y -55 to -30"
3183,admissible,-38.78394,-39.76528,"x -50 to -30, y -55 to -30"
2892,admitted,-38.27514,-40.57227,"x -50 to -30, y -55 to -30"
410,adopted,-35.427345,-53.694706,"x -50 to -30, y -55 to -30"
1131,affected,-39.171677,-44.86362,"x -50 to -30, y -55 to -30"
1516,agreed,-34.927235,-48.62598,"x -50 to -30, y -55 to -30"
1484,allocated,-39.364952,-34.605087,"x -50 to -30, y -55 to -30"
1533,allowed,-46.53803,-45.12478,"x -50 to -30, y -55 to -30"
1641,altered,-44.09809,-39.59527,"x -50 to -30, y -55 to -30"
1634,always,-30.568974,-30.461905,"x -50 to -30, y -55 to -30"
2875,announced,-36.847,-49.185024,"x -50 to -30, y -55 to -30"
3415,appealed,-31.692154,-42.143005,"x -50 to -30, y -55 to -30"
642,applicable,-38.304745,-43.31159,"x -50 to -30, y -55 to -30"
865,applied,-37.892967,-43.453144,"x -50 to -30, y -55 to -30"
92,appointed,-44.0033,-51.254757,"x -50 to -30, y -55 to -30"
357,approved,-35.024414,-53.42389,"x -50 to -30, y -55 to -30"
3943,arbitrarily,-40.56607,-31.463978,"x -50 to -30, y -55 to -30"
3692,ascertained,-34.553776,-38.021313,"x -50 to -30, y -55 to -30"
2163,assented,-30.847471,-54.42519,"x -50 to -30, y -55 to -30"
2107,assisted,-41.942528,-49.61046,"x -50 to -30, y -55 to -30"
2364,assured,-40.727417,-42.109177,"x -50 to -30, y -55 to -30"
3025,audited,-34.18496,-34.537113,"x -50 to -30, y -55 to -30"
898,authorised,-44.49919,-48.16053,"x -50 to -30, y -55 to -30"
964,authorized,-44.29708,-48.14488,"x -50 to -30, y -55 to -30"
1600,bound,-40.102192,-47.255993,"x -50 to -30, y -55 to -30"
749,brought,-31.90323,-44.17626,"x -50 to -30, y -55 to -30"
3457,calculated,-34.6965,-37.67748,"x -50 to -30, y -55 to -30"
686,called,-40.393936,-51.093437,"x -50 to -30, y -55 to -30"
2068,certified,-38.067802,-49.77546,"x -50 to -30, y -55 to -30"
3151,challenged,-32.202446,-41.04036,"x -50 to -30, y -55 to -30"
3794,changed,-40.1092,-39.492245,"x -50 to -30, y -55 to -30"
474,charge,-33.692387,-33.392326,"x -50 to -30, y -55 to -30"
1266,chosen,-43.18912,-51.781513,"x -50 to -30, y -55 to -30"
1957,commenced,-31.719799,-40.096382,"x -50 to -30, y -55 to -30"
1827,compelled,-47.6535,-46.062126,"x -50 to -30, y -55 to -30"
1735,completed,-36.355667,-39.650547,"x -50 to -30, y -55 to -30"
1761,comprised,-35.249157,-31.185966,"x -50 to -30, y -55 to -30"
2375,compulsorily,-40.012974,-31.287712,"x -50 to -30, y -55 to -30"
2064,concluded,-35.496727,-45.023518,"x -50 to -30, y -55 to -30"
1058,conducted,-36.909653,-47.003403,"x -50 to -30, y -55 to -30"
2136,confirmed,-36.80891,-49.953472,"x -50 to -30, y -55 to -30"
857,constituted,-42.19119,-46.24426,"x -50 to -30, y -55 to -30"
2047,consulted,-34.299835,-44.98843,"x -50 to -30, y -55 to -30"
1830,continued,-31.741709,-40.498676,"x -50 to -30, y -55 to -30"
1596,convened,-31.047388,-47.345512,"x -50 to -30, y -55 to -30"
2606,convoked,-31.012434,-47.515137,"x -50 to -30, y -55 to -30"
2742,counted,-38.517162,-39.60138,"x -50 to -30, y -55 to -30"
2988,countersigned,-40.544334,-48.74434,"x -50 to -30, y -55 to -30"
3203,covered,-38.858097,-44.984676,"x -50 to -30, y -55 to -30"
972,created,-41.8346,-45.296967,"x -50 to -30, y -55 to -30"
2617,debated,-31.423548,-48.75564,"x -50 to -30, y -55 to -30"
1194,decided,-34.614277,-48.73643,"x -50 to -30, y -55 to -30"
405,declared,-38.10527,-50.14509,"x -50 to -30, y -55 to -30"
3504,decreed,-36.140526,-38.66952,"x -50 to -30, y -55 to -30"
2684,denied,-42.13567,-33.54539,"x -50 to -30, y -55 to -30"
2711,deposited,-32.27518,-46.80301,"x -50 to -30, y -55 to -30"
773,deprived,-42.98598,-35.73266,"x -50 to -30, y -55 to -30"
659,designated,-43.05074,-50.737675,"x -50 to -30, y -55 to -30"
3804,developed,-36.94467,-35.98694,"x -50 to -30, y -55 to -30"
1768,directed,-43.19579,-48.090065,"x -50 to -30, y -55 to -30"
2588,discharged,-46.603798,-40.356922,"x -50 to -30, y -55 to -30"
3861,discriminated,-31.51596,-42.220848,"x -50 to -30, y -55 to -30"
2939,discussed,-31.430815,-48.665478,"x -50 to -30, y -55 to -30"
1519,dismissed,-47.50775,-39.194702,"x -50 to -30, y -55 to -30"
3807,disposed,-34.40417,-36.936817,"x -50 to -30, y -55 to -30"
912,disqualified,-49.778725,-52.59486,"x -50 to -30, y -55 to -30"
2698,distributed,-38.6884,-34.674,"x -50 to -30, y -55 to -30"
1051,divided,-36.64802,-33.808956,"x -50 to -30, y -55 to -30"
2432,effected,-36.454338,-46.079395,"x -50 to -30, y -55 to -30"
97,elected,-43.284397,-52.4174,"x -50 to -30, y -55 to -30"
756,eligible,-49.785175,-52.595688,"x -50 to -30, y -55 to -30"
1820,employed,-37.04103,-31.135862,"x -50 to -30, y -55 to -30"
1801,empowered,-46.440273,-47.35682,"x -50 to -30, y -55 to -30"
556,enacted,-37.230495,-54.208557,"x -50 to -30, y -55 to -30"
3696,endorsed,-33.029816,-33.132244,"x -50 to -30, y -55 to -30"
3187,enforceable,-34.219418,-42.108387,"x -50 to -30, y -55 to -30"
2935,enforced,-38.184196,-41.30379,"x -50 to -30, y -55 to -30"
2120,engaged,-36.82633,-31.05199,"x -50 to -30, y -55 to -30"
3485,enquired,-35.979862,-33.648533,"x -50 to -30, y -55 to -30"
3369,ensured,-40.347893,-42.35706,"x -50 to -30, y -55 to -30"
1644,entered,-35.968914,-33.423546,"x -50 to -30, y -55 to -30"
267,entitled,-48.668118,-46.602055,"x -50 to -30, y -55 to -30"
3018,examined,-34.70881,-46.609676,"x -50 to -30, y -55 to -30"
3480,excepted,-47.315544,-35.927063,"x -50 to -30, y -55 to -30"
2449,excluded,-47.81122,-36.265354,"x -50 to -30, y -55 to -30"
1996,executed,-38.22056,-41.818855,"x -50 to -30, y -55 to -30"
2408,exempt,-48.1702,-35.73291,"x -50 to -30, y -55 to -30"
3855,exempted,-47.402927,-35.698906,"x -50 to -30, y -55 to -30"
2164,exercisable,-49.89818,-42.202785,"x -50 to -30, y -55 to -30"
3319,expelled,-47.272945,-35.38285,"x -50 to -30, y -55 to -30"
3282,expended,-33.96853,-35.860714,"x -50 to -30, y -55 to -30"
1308,expressed,-34.820145,-39.101166,"x -50 to -30, y -55 to -30"
3837,expropriated,-40.273052,-32.098595,"x -50 to -30, y -55 to -30"
1301,extended,-43.442844,-41.354584,"x -50 to -30, y -55 to -30"
3550,extradited,-45.509903,-34.86436,"x -50 to -30, y -55 to -30"
2305,filed,-32.867863,-44.788227,"x -50 to -30, y -55 to -30"
1476,filled,-40.87301,-50.55183,"x -50 to -30, y -55 to -30"
3487,financed,-39.84189,-36.763824,"x -50 to -30, y -55 to -30"
1095,fixed,-43.510548,-42.9493,"x -50 to -30, y -55 to -30"
1615,followed,-33.850697,-47.59082,"x -50 to -30, y -55 to -30"
1993,forbidden,-43.538586,-37.269028,"x -50 to -30, y -55 to -30"
1177,formed,-42.173546,-46.299267,"x -50 to -30, y -55 to -30"
3950,fulfilled,-36.726013,-39.0696,"x -50 to -30, y -55 to -30"
1254,governed,-39.13404,-47.08799,"x -50 to -30, y -55 to -30"
560,granted,-43.23691,-34.006077,"x -50 to -30, y -55 to -30"
398,guaranteed,-41.720715,-43.274036,"x -50 to -30, y -55 to -30"
2929,guided,-39.393448,-46.754868,"x -50 to -30, y -55 to -30"
3469,headed,-41.319214,-48.598995,"x -50 to -30, y -55 to -30"
1415,heard,-34.01218,-46.376553,"x -50 to -30, y -55 to -30"
176,held,-37.075775,-47.2452,"x -50 to -30, y -55 to -30"
3207,hindered,-41.96053,-35.226658,"x -50 to -30, y -55 to -30"
3434,impeached,-41.529964,-39.279236,"x -50 to -30, y -55 to -30"
2267,implemented,-36.570587,-45.37644,"x -50 to -30, y -55 to -30"
2750,imprisoned,-41.502052,-30.113968,"x -50 to -30, y -55 to -30"
3339,incorporated,-35.94431,-34.295605,"x -50 to -30, y -55 to -30"
2814,increased,-40.554466,-39.604084,"x -50 to -30, y -55 to -30"
3344,infringed,-37.445602,-38.07543,"x -50 to -30, y -55 to -30"
1903,initiated,-33.2173,-49.118374,"x -50 to -30, y -55 to -30"
3951,installed,-35.814648,-37.12931,"x -50 to -30, y -55 to -30"
1043,instituted,-31.998825,-44.020714,"x -50 to -30, y -55 to -30"
3065,insufficient,-32.394863,-35.238163,"x -50 to -30, y -55 to -30"
2345,integrated,-36.802097,-35.246593,"x -50 to -30, y -55 to -30"
3541,interpreted,-38.11485,-41.069202,"x -50 to -30, y -55 to -30"
996,introduced,-32.02079,-49.595646,"x -50 to -30, y -55 to -30"
3973,invalidated,-35.319065,-40.586926,"x -50 to -30, y -55 to -30"
1160,inviolable,-43.190266,-36.427444,"x -50 to -30, y -55 to -30"
1850,involved,-35.802868,-30.927782,"x -50 to -30, y -55 to -30"
601,issued,-38.647293,-52.721622,"x -50 to -30, y -55 to -30"
2715,judged,-34.063305,-40.551258,"x -50 to -30, y -55 to -30"
3075,justified,-33.60779,-38.447052,"x -50 to -30, y -55 to -30"
2300,kept,-36.78619,-41.57055,"x -50 to -30, y -55 to -30"
2984,left,-31.767342,-32.973248,"x -50 to -30, y -55 to -30"
1103,limited,-43.402878,-41.532875,"x -50 to -30, y -55 to -30"
101,made,-38.600628,-53.02515,"x -50 to -30, y -55 to -30"
2177,maintained,-39.6242,-41.25185,"x -50 to -30, y -55 to -30"
2976,managed,-39.714134,-36.559635,"x -50 to -30, y -55 to -30"
2808,met,-37.28886,-39.664146,"x -50 to -30, y -55 to -30"
2209,modified,-37.85181,-54.77018,"x -50 to -30, y -55 to -30"
3185,named,-35.400745,-36.574276,"x -50 to -30, y -55 to -30"
2544,never,-30.507511,-30.491713,"x -50 to -30, y -55 to -30"
630,nominated,-43.600883,-51.65529,"x -50 to -30, y -55 to -30"
2248,obligated,-47.63987,-46.74614,"x -50 to -30, y -55 to -30"
1152,obliged,-47.854534,-46.853924,"x -50 to -30, y -55 to -30"
2496,observed,-37.492706,-43.523743,"x -50 to -30, y -55 to -30"
3583,occupied,-36.86165,-37.432213,"x -50 to -30, y -55 to -30"
3656,opened,-36.44415,-42.04863,"x -50 to -30, y -55 to -30"
1805,ordered,-33.333206,-43.003426,"x -50 to -30, y -55 to -30"
3439,organised,-37.02235,-35.97231,"x -50 to -30, y -55 to -30"
1284,organized,-41.546062,-44.788452,"x -50 to -30, y -55 to -30"
1831,owned,-40.421646,-36.146408,"x -50 to -30, y -55 to -30"
305,passed,-34.87633,-53.35699,"x -50 to -30, y -55 to -30"
970,performed,-47.843624,-41.765305,"x -50 to -30, y -55 to -30"
2922,permissible,-39.612343,-39.429787,"x -50 to -30, y -55 to -30"
815,permitted,-46.499397,-45.709805,"x -50 to -30, y -55 to -30"
1694,placed,-36.22636,-40.930634,"x -50 to -30, y -55 to -30"
1947,prepared,-35.61294,-47.25648,"x -50 to -30, y -55 to -30"
264,present,-30.83781,-49.168953,"x -50 to -30, y -55 to -30"
662,presented,-32.127243,-53.14163,"x -50 to -30, y -55 to -30"
2224,prevented,-48.31847,-35.126125,"x -50 to -30, y -55 to -30"
2822,proclaimed,-36.05908,-43.35976,"x -50 to -30, y -55 to -30"
2376,produced,-32.908527,-39.381165,"x -50 to -30, y -55 to -30"
597,prohibited,-43.799965,-37.328392,"x -50 to -30, y -55 to -30"
2813,promoted,-38.15983,-36.039635,"x -50 to -30, y -55 to -30"
1039,promulgated,-36.77271,-54.45274,"x -50 to -30, y -55 to -30"
2564,pronounced,-33.64246,-42.142,"x -50 to -30, y -55 to -30"
575,proposed,-33.305122,-50.716667,"x -50 to -30, y -55 to -30"
1564,prosecuted,-42.631935,-30.6031,"x -50 to -30, y -55 to -30"
892,protected,-40.30104,-43.005344,"x -50 to -30, y -55 to -30"
1500,punishable,-44.341488,-31.936506,"x -50 to -30, y -55 to -30"
1699,punished,-44.024452,-31.797716,"x -50 to -30, y -55 to -30"
341,qualified,-49.779594,-52.601723,"x -50 to -30, y -55 to -30"
3166,questioned,-34.864418,-41.68719,"x -50 to -30, y -55 to -30"
1150,ratified,-36.558167,-53.76806,"x -50 to -30, y -55 to -30"
3394,re-elected,-42.123234,-40.02225,"x -50 to -30, y -55 to -30"
3557,recalled,-32.93088,-37.37101,"x -50 to -30, y -55 to -30"
1785,recognised,-40.77026,-43.62706,"x -50 to -30, y -55 to -30"
708,recognized,-41.25453,-43.490444,"x -50 to -30, y -55 to -30"
3808,recorded,-34.15504,-36.550545,"x -50 to -30, y -55 to -30"
1628,reduced,-43.26749,-39.21202,"x -50 to -30, y -55 to -30"
3078,reelected,-42.324097,-40.109745,"x -50 to -30, y -55 to -30"
2481,refused,-40.746243,-38.300846,"x -50 to -30, y -55 to -30"
1481,rejected,-34.610077,-51.34707,"x -50 to -30, y -55 to -30"
1769,released,-45.907177,-36.537384,"x -50 to -30, y -55 to -30"
3739,relieved,-47.594276,-31.000957,"x -50 to -30, y -55 to -30"
327,removed,-47.639168,-38.947144,"x -50 to -30, y -55 to -30"
1864,rendered,-33.62352,-41.26155,"x -50 to -30, y -55 to -30"
2931,renewed,-41.86868,-40.626858,"x -50 to -30, y -55 to -30"
3831,repeated,-33.231052,-36.862026,"x -50 to -30, y -55 to -30"
2351,replaced,-41.75148,-49.619324,"x -50 to -30, y -55 to -30"
2470,reported,-32.047073,-32.97525,"x -50 to -30, y -55 to -30"
1211,represented,-32.574932,-48.390213,"x -50 to -30, y -55 to -30"
1593,requested,-36.926376,-49.00428,"x -50 to -30, y -55 to -30"
211,required,-45.580544,-47.546837,"x -50 to -30, y -55 to -30"
1237,reserved,-40.081947,-34.4668,"x -50 to -30, y -55 to -30"
1063,resign,-48.60002,-38.91276,"x -50 to -30, y -55 to -30"
2448,resolved,-34.805088,-44.09732,"x -50 to -30, y -55 to -30"
2975,resort,-32.496822,-36.541935,"x -50 to -30, y -55 to -30"
2464,respected,-39.69934,-42.840218,"x -50 to -30, y -55 to -30"
1153,restricted,-41.490032,-37.762325,"x -50 to -30, y -55 to -30"
3997,retained,-36.2867,-37.756943,"x -50 to -30, y -55 to -30"
2053,retire,-47.912296,-33.343815,"x -50 to -30, y -55 to -30"
2285,retired,-47.845104,-32.402042,"x -50 to -30, y -55 to -30"
1732,returned,-31.30658,-53.100143,"x -50 to -30, y -55 to -30"
2454,reviewed,-34.738426,-46.54864,"x -50 to -30, y -55 to -30"
870,revoked,-46.02056,-41.658752,"x -50 to -30, y -55 to -30"
3202,sanctioned,-37.065,-44.59432,"x -50 to -30, y -55 to -30"
3482,searched,-41.10901,-31.431673,"x -50 to -30, y -55 to -30"
3608,seized,-40.113403,-32.501198,"x -50 to -30, y -55 to -30"
1309,selected,-43.161945,-51.630657,"x -50 to -30, y -55 to -30"
1195,sent,-31.607702,-53.102325,"x -50 to -30, y -55 to -30"
3639,separated,-47.312244,-35.643074,"x -50 to -30, y -55 to -30"
2800,settled,-37.188393,-45.45398,"x -50 to -30, y -55 to -30"
3758,shared,-38.174416,-34.662983,"x -50 to -30, y -55 to -30"
880,signed,-36.73463,-51.238003,"x -50 to -30, y -55 to -30"
3331,spent,-34.74405,-35.716217,"x -50 to -30, y -55 to -30"
2586,still,-30.693186,-35.1916,"x -50 to -30, y -55 to -30"
1085,subjected,-47.932632,-45.199905,"x -50 to -30, y -55 to -30"
337,submitted,-32.34044,-53.202,"x -50 to -30, y -55 to -30"
2942,substantiated,-30.854664,-37.114456,"x -50 to -30, y -55 to -30"
2063,substituted,-31.768648,-38.366558,"x -50 to -30, y -55 to -30"
1832,summoned,-30.083828,-46.495895,"x -50 to -30, y -55 to -30"
913,supported,-35.651863,-51.218548,"x -50 to -30, y -55 to -30"
848,suspended,-47.286835,-39.352833,"x -50 to -30, y -55 to -30"
2474,sworn,-35.73065,-43.159775,"x -50 to -30, y -55 to -30"
2954,tabled,-31.161924,-48.369167,"x -50 to -30, y -55 to -30"
1926,terminated,-46.232136,-40.974083,"x -50 to -30, y -55 to -30"
2543,threatened,-37.99939,-37.22731,"x -50 to -30, y -55 to -30"
1249,transferred,-45.761543,-39.420258,"x -50 to -30, y -55 to -30"
2476,transmitted,-30.705736,-53.26149,"x -50 to -30, y -55 to -30"
1046,tried,-43.45109,-31.171364,"x -50 to -30, y -55 to -30"
550,unable,-48.60662,-47.883343,"x -50 to -30, y -55 to -30"
2079,undertaken,-34.054203,-40.26057,"x -50 to -30, y -55 to -30"
875,used,-40.163986,-40.561996,"x -50 to -30, y -55 to -30"
2864,varied,-43.92707,-39.52734,"x -50 to -30, y -55 to -30"
563,vested,-49.95617,-42.65135,"x -50 to -30, y -55 to -30"
2372,violated,-37.85262,-38.43843,"x -50 to -30, y -55 to -30"
1066,voted,-34.329258,-49.32744,"x -50 to -30, y -55 to -30"
31,which,-30.781427,-34.89426,"x -50 to -30, y -55 to -30"
1567,withdrawn,-48.721363,-36.37232,"x -50 to -30, y -55 to -30"
3718,withheld,-39.15574,-32.62209,"x -50 to -30, y -55 to -30"
39,1,8.660432,-75.51008,"x 0 to 20, y -80 to -55"
484,10,13.176577,-73.03615,"x 0 to 20, y -80 to -55"
2347,100,14.556346,-64.22988,"x 0 to 20, y -80 to -55"
3535,101,10.853081,-57.16618,"x 0 to 20, y -80 to -55"
3044,102,7.157146,-59.507812,"x 0 to 20, y -80 to -55"
3391,103,8.04382,-57.992912,"x 0 to 20, y -80 to -55"
2998,104,5.9973593,-60.6619,"x 0 to 20, y -80 to -55"
3139,105,11.182694,-59.836506,"x 0 to 20, y -80 to -55"
3594,106,10.390687,-55.44431,"x 0 to 20, y -80 to -55"
3534,107,8.611674,-57.145203,"x 0 to 20, y -80 to -55"
3330,108,10.220478,-60.693913,"x 0 to 20, y -80 to -55"
3335,109,9.619639,-60.484184,"x 0 to 20, y -80 to -55"
742,11,11.741762,-72.70032,"x 0 to 20, y -80 to -55"
2701,110,5.8028464,-65.51526,"x 0 to 20, y -80 to -55"
2726,111,5.620598,-60.007862,"x 0 to 20, y -80 to -55"
2916,112,5.741164,-58.41837,"x 0 to 20, y -80 to -55"
3174,113,8.943716,-58.633926,"x 0 to 20, y -80 to -55"
3716,114,10.215233,-58.039375,"x 0 to 20, y -80 to -55"
2686,115,7.133599,-65.52662,"x 0 to 20, y -80 to -55"
3438,116,11.426133,-57.490532,"x 0 to 20, y -80 to -55"
3780,117,10.201255,-56.94762,"x 0 to 20, y -80 to -55"
3517,118,10.395782,-58.38858,"x 0 to 20, y -80 to -55"
3772,119,11.0603285,-56.47859,"x 0 to 20, y -80 to -55"
669,12,13.293319,-72.952156,"x 0 to 20, y -80 to -55"
2613,120,16.541737,-64.83185,"x 0 to 20, y -80 to -55"
2991,121,11.999285,-59.53147,"x 0 to 20, y -80 to -55"
3645,123,11.32285,-56.000824,"x 0 to 20, y -80 to -55"
3595,124,10.623234,-57.804115,"x 0 to 20, y -80 to -55"
3479,125,10.542151,-55.703445,"x 0 to 20, y -80 to -55"
3241,126,9.501972,-59.048687,"x 0 to 20, y -80 to -55"
3227,127,7.09432,-59.488243,"x 0 to 20, y -80 to -55"
3224,129,6.7808557,-59.790096,"x 0 to 20, y -80 to -55"
920,13,11.607851,-72.19637,"x 0 to 20, y -80 to -55"
3810,132,9.809304,-56.13744,"x 0 to 20, y -80 to -55"
3924,137,9.603417,-55.544857,"x 0 to 20, y -80 to -55"
849,14,11.940369,-71.37955,"x 0 to 20, y -80 to -55"
685,15,14.784535,-71.99438,"x 0 to 20, y -80 to -55"
3225,150,15.227443,-63.02744,"x 0 to 20, y -80 to -55"
3566,153,14.664509,-56.59664,"x 0 to 20, y -80 to -55"
3494,159,13.78335,-55.330673,"x 0 to 20, y -80 to -55"
1061,16,12.99864,-71.39757,"x 0 to 20, y -80 to -55"
1247,17,11.771663,-71.1477,"x 0 to 20, y -80 to -55"
963,18,15.295957,-71.19766,"x 0 to 20, y -80 to -55"
927,19,13.260657,-69.20513,"x 0 to 20, y -80 to -55"
49,2,9.330779,-75.5882,"x 0 to 20, y -80 to -55"
1042,20,14.673228,-71.38016,"x 0 to 20, y -80 to -55"
1799,2001,11.082847,-66.29175,"x 0 to 20, y -80 to -55"
1231,21,14.88605,-70.99528,"x 0 to 20, y -80 to -55"
1280,22,10.654613,-69.85105,"x 0 to 20, y -80 to -55"
1444,23,11.246662,-70.1546,"x 0 to 20, y -80 to -55"
1343,24,15.305121,-70.35187,"x 0 to 20, y -80 to -55"
1318,25,14.591435,-70.956314,"x 0 to 20, y -80 to -55"
1431,26,13.090802,-69.805244,"x 0 to 20, y -80 to -55"
1618,27,13.0480175,-69.92719,"x 0 to 20, y -80 to -55"
1462,28,12.904099,-70.07211,"x 0 to 20, y -80 to -55"
1804,29,12.823823,-69.96005,"x 0 to 20, y -80 to -55"
65,3,9.174689,-75.09985,"x 0 to 20, y -80 to -55"
753,30,17.6842,-69.0275,"x 0 to 20, y -80 to -55"
1289,31,13.981207,-69.392845,"x 0 to 20, y -80 to -55"
2025,32,9.60635,-68.37521,"x 0 to 20, y -80 to -55"
1983,33,10.167167,-67.90872,"x 0 to 20, y -80 to -55"
2487,34,10.11585,-67.94782,"x 0 to 20, y -80 to -55"
1888,35,16.350397,-66.2369,"x 0 to 20, y -80 to -55"
1733,36,7.4748535,-67.13568,"x 0 to 20, y -80 to -55"
1902,37,8.727988,-66.87153,"x 0 to 20, y -80 to -55"
2369,38,9.405637,-67.36978,"x 0 to 20, y -80 to -55"
1953,39,10.6391,-66.31101,"x 0 to 20, y -80 to -55"
83,4,9.717464,-75.34071,"x 0 to 20, y -80 to -55"
2012,40,16.862335,-66.03589,"x 0 to 20, y -80 to -55"
2111,41,9.17922,-66.13477,"x 0 to 20, y -80 to -55"
2524,42,6.7603197,-64.823296,"x 0 to 20, y -80 to -55"
2770,43,10.282838,-64.218895,"x 0 to 20, y -80 to -55"
2393,44,12.16766,-67.57401,"x 0 to 20, y -80 to -55"
2039,45,17.70617,-67.31401,"x 0 to 20, y -80 to -55"
2594,46,8.746797,-63.952297,"x 0 to 20, y -80 to -55"
2719,47,9.820877,-63.237064,"x 0 to 20, y -80 to -55"
1930,48,18.0616,-67.588745,"x 0 to 20, y -80 to -55"
2326,49,9.233821,-65.00273,"x 0 to 20, y -80 to -55"
141,5,9.714649,-75.04732,"x 0 to 20, y -80 to -55"
1718,50,14.344163,-64.43295,"x 0 to 20, y -80 to -55"
2532,51,8.96561,-64.522095,"x 0 to 20, y -80 to -55"
2833,52,9.217768,-64.21649,"x 0 to 20, y -80 to -55"
3113,53,7.1737146,-61.581898,"x 0 to 20, y -80 to -55"
2668,54,7.8501053,-63.31169,"x 0 to 20, y -80 to -55"
2545,55,8.086191,-63.206238,"x 0 to 20, y -80 to -55"
2333,56,7.1045203,-64.51763,"x 0 to 20, y -80 to -55"
2578,57,7.6225076,-63.775227,"x 0 to 20, y -80 to -55"
2866,58,8.410337,-63.984543,"x 0 to 20, y -80 to -55"
2332,59,9.392297,-66.15646,"x 0 to 20, y -80 to -55"
224,6,9.9846,-74.861404,"x 0 to 20, y -80 to -55"
1486,60,17.944754,-67.64876,"x 0 to 20, y -80 to -55"
2858,61,9.377864,-61.570225,"x 0 to 20, y -80 to -55"
3307,62,10.743434,-59.831852,"x 0 to 20, y -80 to -55"
2685,63,5.8973103,-62.1764,"x 0 to 20, y -80 to -55"
2949,64,7.1769724,-62.504726,"x 0 to 20, y -80 to -55"
2265,65,15.651089,-65.713295,"x 0 to 20, y -80 to -55"
2337,66,7.4566293,-66.434906,"x 0 to 20, y -80 to -55"
2727,67,12.6917925,-58.67565,"x 0 to 20, y -80 to -55"
3216,68,7.5815353,-57.09321,"x 0 to 20, y -80 to -55"
2936,69,8.606265,-58.99046,"x 0 to 20, y -80 to -55"
297,7,10.313364,-74.55923,"x 0 to 20, y -80 to -55"
2771,70,16.20039,-65.642746,"x 0 to 20, y -80 to -55"
3014,71,8.244692,-61.41564,"x 0 to 20, y -80 to -55"
2676,72,15.731723,-64.09138,"x 0 to 20, y -80 to -55"
3254,73,10.215159,-61.38145,"x 0 to 20, y -80 to -55"
2944,74,10.043252,-62.46111,"x 0 to 20, y -80 to -55"
2665,75,15.942508,-65.58273,"x 0 to 20, y -80 to -55"
3239,76,9.046467,-56.885258,"x 0 to 20, y -80 to -55"
2996,77,11.480462,-63.039665,"x 0 to 20, y -80 to -55"
2599,78,7.964382,-64.40248,"x 0 to 20, y -80 to -55"
2703,79,8.127543,-61.732525,"x 0 to 20, y -80 to -55"
283,8,11.304119,-73.31835,"x 0 to 20, y -80 to -55"
2895,80,15.074208,-63.834923,"x 0 to 20, y -80 to -55"
3370,81,9.822819,-57.861187,"x 0 to 20, y -80 to -55"
3356,82,10.431214,-59.841812,"x 0 to 20, y -80 to -55"
3325,83,7.880578,-56.07118,"x 0 to 20, y -80 to -55"
3138,84,12.562236,-60.83748,"x 0 to 20, y -80 to -55"
3052,85,11.606369,-60.731052,"x 0 to 20, y -80 to -55"
3026,86,11.186632,-62.27407,"x 0 to 20, y -80 to -55"
2510,87,7.9309464,-65.48492,"x 0 to 20, y -80 to -55"
3443,88,10.012513,-58.951187,"x 0 to 20, y -80 to -55"
2955,89,9.911141,-62.995087,"x 0 to 20, y -80 to -55"
423,9,12.2244005,-73.38112,"x 0 to 20, y -80 to -55"
1834,90,17.935568,-67.63029,"x 0 to 20, y -80 to -55"
2652,91,7.982273,-65.711174,"x 0 to 20, y -80 to -55"
3020,92,8.55984,-59.922447,"x 0 to 20, y -80 to -55"
2722,93,8.996132,-62.852386,"x 0 to 20, y -80 to -55"
3293,94,9.820667,-58.544876,"x 0 to 20, y -80 to -55"
2956,95,9.3818,-60.0993,"x 0 to 20, y -80 to -55"
3493,96,9.655393,-56.91133,"x 0 to 20, y -80 to -55"
3463,97,11.126026,-58.694733,"x 0 to 20, y -80 to -55"
3097,98,11.497535,-58.010685,"x 0 to 20, y -80 to -55"
3258,99,8.262811,-57.082863,"x 0 to 20, y -80 to -55"
2997,bis,12.185255,-63.317398,"x 0 to 20, y -80 to -55"
1780,clauses,19.214977,-56.166813,"x 0 to 20, y -80 to -55"
2318,column,15.254341,-57.587715,"x 0 to 20, y -80 to -55"
1861,ft,18.54702,-61.360245,"x 0 to 20, y -80 to -55"
1737,hereof,14.427708,-57.004772,"x 0 to 20, y -80 to -55"
1971,inclusive,12.743494,-62.553276,"x 0 to 20, y -80 to -55"
3303,numeral,14.73718,-55.45377,"x 0 to 20, y -80 to -55"
902,para,19.166536,-57.399174,"x 0 to 20, y -80 to -55"
3378,paras,17.14972,-55.43302,"x 0 to 20, y -80 to -55"
343,schedule,19.392677,-58.1529,"x 0 to 20, y -80 to -55"
1423,sub-article,19.831633,-57.228157,"x 0 to 20, y -80 to -55"
2734,sub-clause,17.020874,-56.522236,"x 0 to 20, y -80 to -55"
1736,sub-paragraph,19.917347,-57.161724,"x 0 to 20, y -80 to -55"
3305,sub-section,17.454168,-55.72129,"x 0 to 20, y -80 to -55"
2293,subarticle,18.537233,-56.153713,"x 0 to 20, y -80 to -55"
3107,subpara,16.934332,-55.387337,"x 0 to 20, y -80 to -55"
1377,subparagraph,19.982628,-57.1129,"x 0 to 20, y -80 to -55"
3492,subparagraphs,16.954609,-55.855274,"x 0 to 20, y -80 to -55"
1347,subsections,19.298304,-56.110302,"x 0 to 20, y -80 to -55"
18,this,5.364798,-58.12938,"x 0 to 20, y -80 to -55"
1976,transitory,11.413417,-61.994102,"x 0 to 20, y -80 to -55"
1837,uk,18.546331,-61.361103,"x 0 to 20, y -80 to -55"
