term_str,x,y,cluster
a,-31.273453,-38.28473,"x -50 to -30, y -55 to -30"
abide,-39.416737,-46.359104,"x -50 to -30, y -55 to -30"
able,-48.291203,-47.289112,"x -50 to -30, y -55 to -30"
abolished,-38.575565,-38.1593,"x -50 to -30, y -55 to -30"
absent,-48.843,-34.614944,"x -50 to -30, y -55 to -30"
accepted,-36.61525,-49.951576,"x -50 to -30, y -55 to -30"
accompanied,-36.09572,-51.05655,"x -50 to -30, y -55 to -30"
accorded,-42.862644,-33.786488,"x -50 to -30, y -55 to -30"
accumulated,-36.644157,-37.68446,"x -50 to -30, y -55 to -30"
achieved,-35.60109,-38.686626,"x -50 to -30, y -55 to -30"
added,-38.103634,-45.11082,"x -50 to -30, y -55 to -30"
administered,-41.39974,-47.928066,"x -50 to -30, y -55 to -30"
admissible,-38.78394,-39.76528,"x -50 to -30, y -55 to -30"
admitted,-38.27514,-40.57227,"x -50 to -30, y -55 to -30"
adopted,-35.427345,-53.694706,"x -50 to -30, y -55 to -30"
affected,-39.171677,-44.86362,"x -50 to -30, y -55 to -30"
agreed,-34.927235,-48.62598,"x -50 to -30, y -55 to -30"
allocated,-39.364952,-34.605087,"x -50 to -30, y -55 to -30"
allowed,-46.53803,-45.12478,"x -50 to -30, y -55 to -30"
altered,-44.09809,-39.59527,"x -50 to -30, y -55 to -30"
always,-30.568974,-30.461905,"x -50 to -30, y -55 to -30"
announced,-36.847,-49.185024,"x -50 to -30, y -55 to -30"
appealed,-31.692154,-42.143005,"x -50 to -30, y -55 to -30"
applicable,-38.304745,-43.31159,"x -50 to -30, y -55 to -30"
applied,-37.892967,-43.453144,"x -50 to -30, y -55 to -30"
appointed,-44.0033,-51.254757,"x -50 to -30, y -55 to -30"
approved,-35.024414,-53.42389,"x -50 to -30, y -55 to -30"
arbitrarily,-40.56607,-31.463978,"x -50 to -30, y -55 to -30"
ascertained,-34.553776,-38.021313,"x -50 to -30, y -55 to -30"
assented,-30.847471,-54.42519,"x -50 to -30, y -55 to -30"
assisted,-41.942528,-49.61046,"x -50 to -30, y -55 to -30"
assured,-40.727417,-42.109177,"x -50 to -30, y -55 to -30"
audited,-34.18496,-34.537113,"x -50 to -30, y -55 to -30"
authorised,-44.49919,-48.16053,"x -50 to -30, y -55 to -30"
authorized,-44.29708,-48.14488,"x -50 to -30, y -55 to -30"
bound,-40.102192,-47.255993,"x -50 to -30, y -55 to -30"
brought,-31.90323,-44.17626,"x -50 to -30, y -55 to -30"
calculated,-34.6965,-37.67748,"x -50 to -30, y -55 to -30"
called,-40.393936,-51.093437,"x -50 to -30, y -55 to -30"
certified,-38.067802,-49.77546,"x -50 to -30, y -55 to -30"
challenged,-32.202446,-41.04036,"x -50 to -30, y -55 to -30"
changed,-40.1092,-39.492245,"x -50 to -30, y -55 to -30"
charge,-33.692387,-33.392326,"x -50 to -30, y -55 to -30"
chosen,-43.18912,-51.781513,"x -50 to -30, y -55 to -30"
commenced,-31.719799,-40.096382,"x -50 to -30, y -55 to -30"
compelled,-47.6535,-46.062126,"x -50 to -30, y -55 to -30"
completed,-36.355667,-39.650547,"x -50 to -30, y -55 to -30"
comprised,-35.249157,-31.185966,"x -50 to -30, y -55 to -30"
compulsorily,-40.012974,-31.287712,"x -50 to -30, y -55 to -30"
concluded,-35.496727,-45.023518,"x -50 to -30, y -55 to -30"
conducted,-36.909653,-47.003403,"x -50 to -30, y -55 to -30"
confirmed,-36.80891,-49.953472,"x -50 to -30, y -55 to -30"
constituted,-42.19119,-46.24426,"x -50 to -30, y -55 to -30"
consulted,-34.299835,-44.98843,"x -50 to -30, y -55 to -30"
continued,-31.741709,-40.498676,"x -50 to -30, y -55 to -30"
convened,-31.047388,-47.345512,"x -50 to -30, y -55 to -30"
convoked,-31.012434,-47.515137,"x -50 to -30, y -55 to -30"
counted,-38.517162,-39.60138,"x -50 to -30, y -55 to -30"
countersigned,-40.544334,-48.74434,"x -50 to -30, y -55 to -30"
covered,-38.858097,-44.984676,"x -50 to -30, y -55 to -30"
created,-41.8346,-45.296967,"x -50 to -30, y -55 to -30"
debated,-31.423548,-48.75564,"x -50 to -30, y -55 to -30"
decided,-34.614277,-48.73643,"x -50 to -30, y -55 to -30"
declared,-38.10527,-50.14509,"x -50 to -30, y -55 to -30"
decreed,-36.140526,-38.66952,"x -50 to -30, y -55 to -30"
denied,-42.13567,-33.54539,"x -50 to -30, y -55 to -30"
deposited,-32.27518,-46.80301,"x -50 to -30, y -55 to -30"
deprived,-42.98598,-35.73266,"x -50 to -30, y -55 to -30"
designated,-43.05074,-50.737675,"x -50 to -30, y -55 to -30"
developed,-36.94467,-35.98694,"x -50 to -30, y -55 to -30"
directed,-43.19579,-48.090065,"x -50 to -30, y -55 to -30"
discharged,-46.603798,-40.356922,"x -50 to -30, y -55 to -30"
discriminated,-31.51596,-42.220848,"x -50 to -30, y -55 to -30"
discussed,-31.430815,-48.665478,"x -50 to -30, y -55 to -30"
dismissed,-47.50775,-39.194702,"x -50 to -30, y -55 to -30"
disposed,-34.40417,-36.936817,"x -50 to -30, y -55 to -30"
disqualified,-49.778725,-52.59486,"x -50 to -30, y -55 to -30"
distributed,-38.6884,-34.674,"x -50 to -30, y -55 to -30"
divided,-36.64802,-33.808956,"x -50 to -30, y -55 to -30"
effected,-36.454338,-46.079395,"x -50 to -30, y -55 to -30"
elected,-43.284397,-52.4174,"x -50 to -30, y -55 to -30"
eligible,-49.785175,-52.595688,"x -50 to -30, y -55 to -30"
employed,-37.04103,-31.135862,"x -50 to -30, y -55 to -30"
empowered,-46.440273,-47.35682,"x -50 to -30, y -55 to -30"
enacted,-37.230495,-54.208557,"x -50 to -30, y -55 to -30"
endorsed,-33.029816,-33.132244,"x -50 to -30, y -55 to -30"
enforceable,-34.219418,-42.108387,"x -50 to -30, y -55 to -30"
enforced,-38.184196,-41.30379,"x -50 to -30, y -55 to -30"
engaged,-36.82633,-31.05199,"x -50 to -30, y -55 to -30"
enquired,-35.979862,-33.648533,"x -50 to -30, y -55 to -30"
ensured,-40.347893,-42.35706,"x -50 to -30, y -55 to -30"
entered,-35.968914,-33.423546,"x -50 to -30, y -55 to -30"
entitled,-48.668118,-46.602055,"x -50 to -30, y -55 to -30"
examined,-34.70881,-46.609676,"x -50 to -30, y -55 to -30"
excepted,-47.315544,-35.927063,"x -50 to -30, y -55 to -30"
excluded,-47.81122,-36.265354,"x -50 to -30, y -55 to -30"
executed,-38.22056,-41.818855,"x -50 to -30, y -55 to -30"
exempt,-48.1702,-35.73291,"x -50 to -30, y -55 to -30"
exempted,-47.402927,-35.698906,"x -50 to -30, y -55 to -30"
exercisable,-49.89818,-42.202785,"x -50 to -30, y -55 to -30"
expelled,-47.272945,-35.38285,"x -50 to -30, y -55 to -30"
expended,-33.96853,-35.860714,"x -50 to -30, y -55 to -30"
expressed,-34.820145,-39.101166,"x -50 to -30, y -55 to -30"
expropriated,-40.273052,-32.098595,"x -50 to -30, y -55 to -30"
extended,-43.442844,-41.354584,"x -50 to -30, y -55 to -30"
extradited,-45.509903,-34.86436,"x -50 to -30, y -55 to -30"
filed,-32.867863,-44.788227,"x -50 to -30, y -55 to -30"
filled,-40.87301,-50.55183,"x -50 to -30, y -55 to -30"
financed,-39.84189,-36.763824,"x -50 to -30, y -55 to -30"
fixed,-43.510548,-42.9493,"x -50 to -30, y -55 to -30"
followed,-33.850697,-47.59082,"x -50 to -30, y -55 to -30"
forbidden,-43.538586,-37.269028,"x -50 to -30, y -55 to -30"
formed,-42.173546,-46.299267,"x -50 to -30, y -55 to -30"
fulfilled,-36.726013,-39.0696,"x -50 to -30, y -55 to -30"
governed,-39.13404,-47.08799,"x -50 to -30, y -55 to -30"
granted,-43.23691,-34.006077,"x -50 to -30, y -55 to -30"
guaranteed,-41.720715,-43.274036,"x -50 to -30, y -55 to -30"
guided,-39.393448,-46.754868,"x -50 to -30, y -55 to -30"
headed,-41.319214,-48.598995,"x -50 to -30, y -55 to -30"
heard,-34.01218,-46.376553,"x -50 to -30, y -55 to -30"
held,-37.075775,-47.2452,"x -50 to -30, y -55 to -30"
hindered,-41.96053,-35.226658,"x -50 to -30, y -55 to -30"
impeached,-41.529964,-39.279236,"x -50 to -30, y -55 to -30"
implemented,-36.570587,-45.37644,"x -50 to -30, y -55 to -30"
imprisoned,-41.502052,-30.113968,"x -50 to -30, y -55 to -30"
incorporated,-35.94431,-34.295605,"x -50 to -30, y -55 to -30"
increased,-40.554466,-39.604084,"x -50 to -30, y -55 to -30"
infringed,-37.445602,-38.07543,"x -50 to -30, y -55 to -30"
initiated,-33.2173,-49.118374,"x -50 to -30, y -55 to -30"
installed,-35.814648,-37.12931,"x -50 to -30, y -55 to -30"
instituted,-31.998825,-44.020714,"x -50 to -30, y -55 to -30"
insufficient,-32.394863,-35.238163,"x -50 to -30, y -55 to -30"
integrated,-36.802097,-35.246593,"x -50 to -30, y -55 to -30"
interpreted,-38.11485,-41.069202,"x -50 to -30, y -55 to -30"
introduced,-32.02079,-49.595646,"x -50 to -30, y -55 to -30"
invalidated,-35.319065,-40.586926,"x -50 to -30, y -55 to -30"
inviolable,-43.190266,-36.427444,"x -50 to -30, y -55 to -30"
involved,-35.802868,-30.927782,"x -50 to -30, y -55 to -30"
issued,-38.647293,-52.721622,"x -50 to -30, y -55 to -30"
judged,-34.063305,-40.551258,"x -50 to -30, y -55 to -30"
justified,-33.60779,-38.447052,"x -50 to -30, y -55 to -30"
kept,-36.78619,-41.57055,"x -50 to -30, y -55 to -30"
left,-31.767342,-32.973248,"x -50 to -30, y -55 to -30"
limited,-43.402878,-41.532875,"x -50 to -30, y -55 to -30"
made,-38.600628,-53.02515,"x -50 to -30, y -55 to -30"
maintained,-39.6242,-41.25185,"x -50 to -30, y -55 to -30"
managed,-39.714134,-36.559635,"x -50 to -30, y -55 to -30"
met,-37.28886,-39.664146,"x -50 to -30, y -55 to -30"
modified,-37.85181,-54.77018,"x -50 to -30, y -55 to -30"
named,-35.400745,-36.574276,"x -50 to -30, y -55 to -30"
never,-30.507511,-30.491713,"x -50 to -30, y -55 to -30"
nominated,-43.600883,-51.65529,"x -50 to -30, y -55 to -30"
obligated,-47.63987,-46.74614,"x -50 to -30, y -55 to -30"
obliged,-47.854534,-46.853924,"x -50 to -30, y -55 to -30"
observed,-37.492706,-43.523743,"x -50 to -30, y -55 to -30"
occupied,-36.86165,-37.432213,"x -50 to -30, y -55 to -30"
opened,-36.44415,-42.04863,"x -50 to -30, y -55 to -30"
ordered,-33.333206,-43.003426,"x -50 to -30, y -55 to -30"
organised,-37.02235,-35.97231,"x -50 to -30, y -55 to -30"
organized,-41.546062,-44.788452,"x -50 to -30, y -55 to -30"
owned,-40.421646,-36.146408,"x -50 to -30, y -55 to -30"
passed,-34.87633,-53.35699,"x -50 to -30, y -55 to -30"
performed,-47.843624,-41.765305,"x -50 to -30, y -55 to -30"
permissible,-39.612343,-39.429787,"x -50 to -30, y -55 to -30"
permitted,-46.499397,-45.709805,"x -50 to -30, y -55 to -30"
placed,-36.22636,-40.930634,"x -50 to -30, y -55 to -30"
prepared,-35.61294,-47.25648,"x -50 to -30, y -55 to -30"
present,-30.83781,-49.168953,"x -50 to -30, y -55 to -30"
presented,-32.127243,-53.14163,"x -50 to -30, y -55 to -30"
prevented,-48.31847,-35.126125,"x -50 to -30, y -55 to -30"
proclaimed,-36.05908,-43.35976,"x -50 to -30, y -55 to -30"
produced,-32.908527,-39.381165,"x -50 to -30, y -55 to -30"
prohibited,-43.799965,-37.328392,"x -50 to -30, y -55 to -30"
promoted,-38.15983,-36.039635,"x -50 to -30, y -55 to -30"
promulgated,-36.77271,-54.45274,"x -50 to -30, y -55 to -30"
pronounced,-33.64246,-42.142,"x -50 to -30, y -55 to -30"
proposed,-33.305122,-50.716667,"x -50 to -30, y -55 to -30"
prosecuted,-42.631935,-30.6031,"x -50 to -30, y -55 to -30"
protected,-40.30104,-43.005344,"x -50 to -30, y -55 to -30"
punishable,-44.341488,-31.936506,"x -50 to -30, y -55 to -30"
punished,-44.024452,-31.797716,"x -50 to -30, y -55 to -30"
qualified,-49.779594,-52.601723,"x -50 to -30, y -55 to -30"
questioned,-34.864418,-41.68719,"x -50 to -30, y -55 to -30"
ratified,-36.558167,-53.76806,"x -50 to -30, y -55 to -30"
re-elected,-42.123234,-40.02225,"x -50 to -30, y -55 to -30"
recalled,-32.93088,-37.37101,"x -50 to -30, y -55 to -30"
recognised,-40.77026,-43.62706,"x -50 to -30, y -55 to -30"
recognized,-41.25453,-43.490444,"x -50 to -30, y -55 to -30"
recorded,-34.15504,-36.550545,"x -50 to -30, y -55 to -30"
reduced,-43.26749,-39.21202,"x -50 to -30, y -55 to -30"
reelected,-42.324097,-40.109745,"x -50 to -30, y -55 to -30"
refused,-40.746243,-38.300846,"x -50 to -30, y -55 to -30"
rejected,-34.610077,-51.34707,"x -50 to -30, y -55 to -30"
released,-45.907177,-36.537384,"x -50 to -30, y -55 to -30"
relieved,-47.594276,-31.000957,"x -50 to -30, y -55 to -30"
removed,-47.639168,-38.947144,"x -50 to -30, y -55 to -30"
rendered,-33.62352,-41.26155,"x -50 to -30, y -55 to -30"
renewed,-41.86868,-40.626858,"x -50 to -30, y -55 to -30"
repeated,-33.231052,-36.862026,"x -50 to -30, y -55 to -30"
replaced,-41.75148,-49.619324,"x -50 to -30, y -55 to -30"
reported,-32.047073,-32.97525,"x -50 to -30, y -55 to -30"
represented,-32.574932,-48.390213,"x -50 to -30, y -55 to -30"
requested,-36.926376,-49.00428,"x -50 to -30, y -55 to -30"
required,-45.580544,-47.546837,"x -50 to -30, y -55 to -30"
reserved,-40.081947,-34.4668,"x -50 to -30, y -55 to -30"
resign,-48.60002,-38.91276,"x -50 to -30, y -55 to -30"
resolved,-34.805088,-44.09732,"x -50 to -30, y -55 to -30"
resort,-32.496822,-36.541935,"x -50 to -30, y -55 to -30"
respected,-39.69934,-42.840218,"x -50 to -30, y -55 to -30"
restricted,-41.490032,-37.762325,"x -50 to -30, y -55 to -30"
retained,-36.2867,-37.756943,"x -50 to -30, y -55 to -30"
retire,-47.912296,-33.343815,"x -50 to -30, y -55 to -30"
retired,-47.845104,-32.402042,"x -50 to -30, y -55 to -30"
returned,-31.30658,-53.100143,"x -50 to -30, y -55 to -30"
reviewed,-34.738426,-46.54864,"x -50 to -30, y -55 to -30"
revoked,-46.02056,-41.658752,"x -50 to -30, y -55 to -30"
sanctioned,-37.065,-44.59432,"x -50 to -30, y -55 to -30"
searched,-41.10901,-31.431673,"x -50 to -30, y -55 to -30"
seized,-40.113403,-32.501198,"x -50 to -30, y -55 to -30"
selected,-43.161945,-51.630657,"x -50 to -30, y -55 to -30"
sent,-31.607702,-53.102325,"x -50 to -30, y -55 to -30"
separated,-47.312244,-35.643074,"x -50 to -30, y -55 to -30"
settled,-37.188393,-45.45398,"x -50 to -30, y -55 to -30"
shared,-38.174416,-34.662983,"x -50 to -30, y -55 to -30"
signed,-36.73463,-51.238003,"x -50 to -30, y -55 to -30"
spent,-34.74405,-35.716217,"x -50 to -30, y -55 to -30"
still,-30.693186,-35.1916,"x -50 to -30, y -55 to -30"
subjected,-47.932632,-45.199905,"x -50 to -30, y -55 to -30"
submitted,-32.34044,-53.202,"x -50 to -30, y -55 to -30"
substantiated,-30.854664,-37.114456,"x -50 to -30, y -55 to -30"
substituted,-31.768648,-38.366558,"x -50 to -30, y -55 to -30"
summoned,-30.083828,-46.495895,"x -50 to -30, y -55 to -30"
supported,-35.651863,-51.218548,"x -50 to -30, y -55 to -30"
suspended,-47.286835,-39.352833,"x -50 to -30, y -55 to -30"
sworn,-35.73065,-43.159775,"x -50 to -30, y -55 to -30"
tabled,-31.161924,-48.369167,"x -50 to -30, y -55 to -30"
terminated,-46.232136,-40.974083,"x -50 to -30, y -55 to -30"
threatened,-37.99939,-37.22731,"x -50 to -30, y -55 to -30"
transferred,-45.761543,-39.420258,"x -50 to -30, y -55 to -30"
transmitted,-30.705736,-53.26149,"x -50 to -30, y -55 to -30"
tried,-43.45109,-31.171364,"x -50 to -30, y -55 to -30"
unable,-48.60662,-47.883343,"x -50 to -30, y -55 to -30"
undertaken,-34.054203,-40.26057,"x -50 to -30, y -55 to -30"
used,-40.163986,-40.561996,"x -50 to -30, y -55 to -30"
varied,-43.92707,-39.52734,"x -50 to -30, y -55 to -30"
vested,-49.95617,-42.65135,"x -50 to -30, y -55 to -30"
violated,-37.85262,-38.43843,"x -50 to -30, y -55 to -30"
voted,-34.329258,-49.32744,"x -50 to -30, y -55 to -30"
which,-30.781427,-34.89426,"x -50 to -30, y -55 to -30"
withdrawn,-48.721363,-36.37232,"x -50 to -30, y -55 to -30"
withheld,-39.15574,-32.62209,"x -50 to -30, y -55 to -30"
1,8.660432,-75.51008,"x 0 to 20, y -80 to -55"
10,13.176577,-73.03615,"x 0 to 20, y -80 to -55"
100,14.556346,-64.22988,"x 0 to 20, y -80 to -55"
101,10.853081,-57.16618,"x 0 to 20, y -80 to -55"
102,7.157146,-59.507812,"x 0 to 20, y -80 to -55"
103,8.04382,-57.992912,"x 0 to 20, y -80 to -55"
104,5.9973593,-60.6619,"x 0 to 20, y -80 to -55"
105,11.182694,-59.836506,"x 0 to 20, y -80 to -55"
106,10.390687,-55.44431,"x 0 to 20, y -80 to -55"
107,8.611674,-57.145203,"x 0 to 20, y -80 to -55"
108,10.220478,-60.693913,"x 0 to 20, y -80 to -55"
109,9.619639,-60.484184,"x 0 to 20, y -80 to -55"
11,11.741762,-72.70032,"x 0 to 20, y -80 to -55"
110,5.8028464,-65.51526,"x 0 to 20, y -80 to -55"
111,5.620598,-60.007862,"x 0 to 20, y -80 to -55"
112,5.741164,-58.41837,"x 0 to 20, y -80 to -55"
113,8.943716,-58.633926,"x 0 to 20, y -80 to -55"
114,10.215233,-58.039375,"x 0 to 20, y -80 to -55"
115,7.133599,-65.52662,"x 0 to 20, y -80 to -55"
116,11.426133,-57.490532,"x 0 to 20, y -80 to -55"
117,10.201255,-56.94762,"x 0 to 20, y -80 to -55"
118,10.395782,-58.38858,"x 0 to 20, y -80 to -55"
119,11.0603285,-56.47859,"x 0 to 20, y -80 to -55"
12,13.293319,-72.952156,"x 0 to 20, y -80 to -55"
120,16.541737,-64.83185,"x 0 to 20, y -80 to -55"
121,11.999285,-59.53147,"x 0 to 20, y -80 to -55"
123,11.32285,-56.000824,"x 0 to 20, y -80 to -55"
124,10.623234,-57.804115,"x 0 to 20, y -80 to -55"
125,10.542151,-55.703445,"x 0 to 20, y -80 to -55"
126,9.501972,-59.048687,"x 0 to 20, y -80 to -55"
127,7.09432,-59.488243,"x 0 to 20, y -80 to -55"
129,6.7808557,-59.790096,"x 0 to 20, y -80 to -55"
13,11.607851,-72.19637,"x 0 to 20, y -80 to -55"
132,9.809304,-56.13744,"x 0 to 20, y -80 to -55"
137,9.603417,-55.544857,"x 0 to 20, y -80 to -55"
14,11.940369,-71.37955,"x 0 to 20, y -80 to -55"
15,14.784535,-71.99438,"x 0 to 20, y -80 to -55"
150,15.227443,-63.02744,"x 0 to 20, y -80 to -55"
153,14.664509,-56.59664,"x 0 to 20, y -80 to -55"
159,13.78335,-55.330673,"x 0 to 20, y -80 to -55"
16,12.99864,-71.39757,"x 0 to 20, y -80 to -55"
17,11.771663,-71.1477,"x 0 to 20, y -80 to -55"
18,15.295957,-71.19766,"x 0 to 20, y -80 to -55"
19,13.260657,-69.20513,"x 0 to 20, y -80 to -55"
2,9.330779,-75.5882,"x 0 to 20, y -80 to -55"
20,14.673228,-71.38016,"x 0 to 20, y -80 to -55"
2001,11.082847,-66.29175,"x 0 to 20, y -80 to -55"
21,14.88605,-70.99528,"x 0 to 20, y -80 to -55"
22,10.654613,-69.85105,"x 0 to 20, y -80 to -55"
23,11.246662,-70.1546,"x 0 to 20, y -80 to -55"
24,15.305121,-70.35187,"x 0 to 20, y -80 to -55"
25,14.591435,-70.956314,"x 0 to 20, y -80 to -55"
26,13.090802,-69.805244,"x 0 to 20, y -80 to -55"
27,13.0480175,-69.92719,"x 0 to 20, y -80 to -55"
28,12.904099,-70.07211,"x 0 to 20, y -80 to -55"
29,12.823823,-69.96005,"x 0 to 20, y -80 to -55"
3,9.174689,-75.09985,"x 0 to 20, y -80 to -55"
30,17.6842,-69.0275,"x 0 to 20, y -80 to -55"
31,13.981207,-69.392845,"x 0 to 20, y -80 to -55"
32,9.60635,-68.37521,"x 0 to 20, y -80 to -55"
33,10.167167,-67.90872,"x 0 to 20, y -80 to -55"
34,10.11585,-67.94782,"x 0 to 20, y -80 to -55"
35,16.350397,-66.2369,"x 0 to 20, y -80 to -55"
36,7.4748535,-67.13568,"x 0 to 20, y -80 to -55"
37,8.727988,-66.87153,"x 0 to 20, y -80 to -55"
38,9.405637,-67.36978,"x 0 to 20, y -80 to -55"
39,10.6391,-66.31101,"x 0 to 20, y -80 to -55"
4,9.717464,-75.34071,"x 0 to 20, y -80 to -55"
40,16.862335,-66.03589,"x 0 to 20, y -80 to -55"
41,9.17922,-66.13477,"x 0 to 20, y -80 to -55"
42,6.7603197,-64.823296,"x 0 to 20, y -80 to -55"
43,10.282838,-64.218895,"x 0 to 20, y -80 to -55"
44,12.16766,-67.57401,"x 0 to 20, y -80 to -55"
45,17.70617,-67.31401,"x 0 to 20, y -80 to -55"
46,8.746797,-63.952297,"x 0 to 20, y -80 to -55"
47,9.820877,-63.237064,"x 0 to 20, y -80 to -55"
48,18.0616,-67.588745,"x 0 to 20, y -80 to -55"
49,9.233821,-65.00273,"x 0 to 20, y -80 to -55"
5,9.714649,-75.04732,"x 0 to 20, y -80 to -55"
50,14.344163,-64.43295,"x 0 to 20, y -80 to -55"
51,8.96561,-64.522095,"x 0 to 20, y -80 to -55"
52,9.217768,-64.21649,"x 0 to 20, y -80 to -55"
53,7.1737146,-61.581898,"x 0 to 20, y -80 to -55"
54,7.8501053,-63.31169,"x 0 to 20, y -80 to -55"
55,8.086191,-63.206238,"x 0 to 20, y -80 to -55"
56,7.1045203,-64.51763,"x 0 to 20, y -80 to -55"
57,7.6225076,-63.775227,"x 0 to 20, y -80 to -55"
58,8.410337,-63.984543,"x 0 to 20, y -80 to -55"
59,9.392297,-66.15646,"x 0 to 20, y -80 to -55"
6,9.9846,-74.861404,"x 0 to 20, y -80 to -55"
60,17.944754,-67.64876,"x 0 to 20, y -80 to -55"
61,9.377864,-61.570225,"x 0 to 20, y -80 to -55"
62,10.743434,-59.831852,"x 0 to 20, y -80 to -55"
63,5.8973103,-62.1764,"x 0 to 20, y -80 to -55"
64,7.1769724,-62.504726,"x 0 to 20, y -80 to -55"
65,15.651089,-65.713295,"x 0 to 20, y -80 to -55"
66,7.4566293,-66.434906,"x 0 to 20, y -80 to -55"
67,12.6917925,-58.67565,"x 0 to 20, y -80 to -55"
68,7.5815353,-57.09321,"x 0 to 20, y -80 to -55"
69,8.606265,-58.99046,"x 0 to 20, y -80 to -55"
7,10.313364,-74.55923,"x 0 to 20, y -80 to -55"
70,16.20039,-65.642746,"x 0 to 20, y -80 to -55"
71,8.244692,-61.41564,"x 0 to 20, y -80 to -55"
72,15.731723,-64.09138,"x 0 to 20, y -80 to -55"
73,10.215159,-61.38145,"x 0 to 20, y -80 to -55"
74,10.043252,-62.46111,"x 0 to 20, y -80 to -55"
75,15.942508,-65.58273,"x 0 to 20, y -80 to -55"
76,9.046467,-56.885258,"x 0 to 20, y -80 to -55"
77,11.480462,-63.039665,"x 0 to 20, y -80 to -55"
78,7.964382,-64.40248,"x 0 to 20, y -80 to -55"
79,8.127543,-61.732525,"x 0 to 20, y -80 to -55"
8,11.304119,-73.31835,"x 0 to 20, y -80 to -55"
80,15.074208,-63.834923,"x 0 to 20, y -80 to -55"
81,9.822819,-57.861187,"x 0 to 20, y -80 to -55"
82,10.431214,-59.841812,"x 0 to 20, y -80 to -55"
83,7.880578,-56.07118,"x 0 to 20, y -80 to -55"
84,12.562236,-60.83748,"x 0 to 20, y -80 to -55"
85,11.606369,-60.731052,"x 0 to 20, y -80 to -55"
86,11.186632,-62.27407,"x 0 to 20, y -80 to -55"
87,7.9309464,-65.48492,"x 0 to 20, y -80 to -55"
88,10.012513,-58.951187,"x 0 to 20, y -80 to -55"
89,9.911141,-62.995087,"x 0 to 20, y -80 to -55"
9,12.2244005,-73.38112,"x 0 to 20, y -80 to -55"
90,17.935568,-67.63029,"x 0 to 20, y -80 to -55"
91,7.982273,-65.711174,"x 0 to 20, y -80 to -55"
92,8.55984,-59.922447,"x 0 to 20, y -80 to -55"
93,8.996132,-62.852386,"x 0 to 20, y -80 to -55"
94,9.820667,-58.544876,"x 0 to 20, y -80 to -55"
95,9.3818,-60.0993,"x 0 to 20, y -80 to -55"
96,9.655393,-56.91133,"x 0 to 20, y -80 to -55"
97,11.126026,-58.694733,"x 0 to 20, y -80 to -55"
98,11.497535,-58.010685,"x 0 to 20, y -80 to -55"
99,8.262811,-57.082863,"x 0 to 20, y -80 to -55"
bis,12.185255,-63.317398,"x 0 to 20, y -80 to -55"
clauses,19.214977,-56.166813,"x 0 to 20, y -80 to -55"
column,15.254341,-57.587715,"x 0 to 20, y -80 to -55"
ft,18.54702,-61.360245,"x 0 to 20, y -80 to -55"
hereof,14.427708,-57.004772,"x 0 to 20, y -80 to -55"
inclusive,12.743494,-62.553276,"x 0 to 20, y -80 to -55"
numeral,14.73718,-55.45377,"x 0 to 20, y -80 to -55"
para,19.166536,-57.399174,"x 0 to 20, y -80 to -55"
paras,17.14972,-55.43302,"x 0 to 20, y -80 to -55"
schedule,19.392677,-58.1529,"x 0 to 20, y -80 to -55"
sub-article,19.831633,-57.228157,"x 0 to 20, y -80 to -55"
sub-clause,17.020874,-56.522236,"x 0 to 20, y -80 to -55"
sub-paragraph,19.917347,-57.161724,"x 0 to 20, y -80 to -55"
sub-section,17.454168,-55.72129,"x 0 to 20, y -80 to -55"
subarticle,18.537233,-56.153713,"x 0 to 20, y -80 to -55"
subpara,16.934332,-55.387337,"x 0 to 20, y -80 to -55"
subparagraph,19.982628,-57.1129,"x 0 to 20, y -80 to -55"
subparagraphs,16.954609,-55.855274,"x 0 to 20, y -80 to -55"
subsections,19.298304,-56.110302,"x 0 to 20, y -80 to -55"
this,5.364798,-58.12938,"x 0 to 20, y -80 to -55"
transitory,11.413417,-61.994102,"x 0 to 20, y -80 to -55"
uk,18.546331,-61.361103,"x 0 to 20, y -80 to -55"
